file_name,language_code,language_name,script_code,script_name
aai-x-bible.txt,aai,Arifama-Miniafia,Latn,Latin
aak-x-bible.txt,aak,Ankave,Latn,Latin
aau-x-bible.txt,aau,Abau,Latn,Latin
aaz-x-bible.txt,aaz,Amarasi,Latn,Latin
abt-x-bible-maprik.txt,abt,Ambulas,Latn,Latin
abt-x-bible-wosera.txt,abt,Ambulas,Latn,Latin
abx-x-bible.txt,abx,Inabaknon,Latn,Latin
aby-x-bible.txt,aby,Aneme Wake,Latn,Latin
aca-x-bible.txt,aca,Achagua,Latn,Latin
acd-x-bible.txt,acd,Gikyode,Latn,Latin
ace-x-bible.txt,ace,Achinese,Latn,Latin
acf-x-bible.txt,acf,Saint Lucian Creole French,Latn,Latin
ach-x-bible.txt,ach,Acoli,Latn,Latin
acn-x-bible.txt,acn,Achang,Latn,Latin
acr-x-bible-cubulcu.txt,acr,Achi,Latn,Latin
acr-x-bible-reformed.txt,acr,Achi,Latn,Latin
acr-x-bible-traditional.txt,acr,Achi,Latn,Latin
acu-x-bible.txt,acu,Achuar-Shiwiar,Latn,Latin
ade-x-bible.txt,ade,Adele,Latn,Latin
adh-x-bible.txt,adh,Adhola,Latn,Latin
adi-x-bible.txt,adi,Adi,Latn,Latin
adj-x-bible.txt,adj,Adioukrou,Latn,Latin
adl-x-bible.txt,adl,Galo,Latn,Latin
ady-x-bible.txt,ady,Adygei,Cyrl,Cyrillic
adz-x-bible.txt,adz,Adzera,Latn,Latin
aeb-x-bible.txt,aeb,Tunisian Arabic,Arab,Arabic
aeu-x-bible.txt,aeu,Akeu,Latn,Latin
aey-x-bible.txt,aey,Amele,Latn,Latin
afr-x-bible-1953.txt,afr,Afrikaans,Latn,Latin
afr-x-bible-1983.txt,afr,Afrikaans,Latn,Latin
afr-x-bible-boodskap.txt,afr,Afrikaans,Latn,Latin
afr-x-bible-lewende.txt,afr,Afrikaans,Latn,Latin
afr-x-bible-newworld.txt,afr,Afrikaans,Latn,Latin
afr-x-bible-viralmal.txt,afr,Afrikaans,Latn,Latin
agd-x-bible.txt,agd,Agarabi,Latn,Latin
agg-x-bible.txt,agg,Angor,Latn,Latin
agm-x-bible.txt,agm,Angaataha,Latn,Latin
agn-x-bible.txt,agn,Agutaynen,Latn,Latin
agr-x-bible.txt,agr,Aguaruna,Latn,Latin
agt-x-bible.txt,agt,Central Cagayan Agta,Latn,Latin
agu-x-bible.txt,agu,Aguacateco,Latn,Latin
agw-x-bible.txt,agw,Kahua,Latn,Latin
agx-x-bible.txt,agx,Aghul,Cyrl,Cyrillic
ahk-x-bible.txt,ahk,Akha,Latn,Latin
aia-x-bible.txt,aia,Arosi,Latn,Latin
aii-x-bible.txt,aii,Assyrian Neo-Aramaic,Syrc,Syriac
aim-x-bible.txt,aim,Aimol,Latn,Latin
aji-x-bible.txt,aji,Ajië,Latn,Latin
ajz-x-bible.txt,ajz,Amri Karbi,Latn,Latin
akb-x-bible.txt,akb,Batak Angkola,Latn,Latin
ake-x-bible.txt,ake,Akawaio,Latn,Latin
akh-x-bible.txt,akh,Angal Heneng,Latn,Latin
ald-x-bible.txt,ald,Alladian,Latn,Latin
alj-x-bible.txt,alj,Alangan,Latn,Latin
aln-x-bible-newworld.txt,aln,Gheg Albanian,Latn,Latin
aln-x-bible.txt,aln,Gheg Albanian,Latn,Latin
alp-x-bible.txt,alp,Alune,Latn,Latin
alq-x-bible.txt,alq,Algonquin,Latn,Latin
alt-x-bible-southern.txt,alt,Southern Altai,Cyrl,Cyrillic
alt-x-bible.txt,alt,Southern Altai,Cyrl,Cyrillic
aly-x-bible.txt,aly,Alyawarr,Latn,Latin
alz-x-bible.txt,alz,Alur,Latn,Latin
ame-x-bible.txt,ame,Yanesha',Latn,Latin
amf-x-bible.txt,amf,Hamer-Banna,Latn,Latin
amh-x-bible-latin.txt,amh,Amharic,Latn,Latin
amh-x-bible-newworld.txt,amh,Amharic,Ethi,Ethiopic (Geʻez)
amh-x-bible.txt,amh,Amharic,Ethi,Ethiopic (Geʻez)
amk-x-bible.txt,amk,Ambai,Latn,Latin
amm-x-bible.txt,amm,Ama (Papua New Guinea),Latn,Latin
amn-x-bible-naineri.txt,amn,Amanab,Latn,Latin
amn-x-bible.txt,amn,Amanab,Latn,Latin
amp-x-bible.txt,amp,Alamblak,Latn,Latin
amr-x-bible.txt,amr,Amarakaeri,Latn,Latin
amu-x-bible.txt,amu,Guerrero Amuzgo,Latn,Latin
amx-x-bible.txt,amx,Anmatyerre,Latn,Latin
ann-x-bible.txt,ann,Obolo,Latn,Latin
anv-x-bible.txt,anv,Denya,Latn,Latin
aoi-x-bible.txt,aoi,Anindilyakwa,Latn,Latin
aoj-x-bible-filifita.txt,aoj,Mufian,Latn,Latin
aoj-x-bible-mufian.txt,aoj,Mufian,Latn,Latin
aom-x-bible.txt,aom,Ömie,Latn,Latin
aon-x-bible.txt,aon,Bumbita Arapesh,Latn,Latin
aoz-x-bible.txt,aoz,Uab Meto,Latn,Latin
apb-x-bible.txt,apb,Sa'a,Latn,Latin
ape-x-bible.txt,ape,Bukiyip,Latn,Latin
apn-x-bible.txt,apn,Apinayé,Latn,Latin
apr-x-bible.txt,apr,Arop-Lokep,Latn,Latin
apt-x-bible.txt,apt,Apatani,Latn,Latin
apu-x-bible.txt,apu,Apurinã,Latn,Latin
apw-x-bible.txt,apw,Western Apache,Latn,Latin
apy-x-bible.txt,apy,Apalaí,Latn,Latin
apz-x-bible.txt,apz,Safeyoka,Latn,Latin
arb-x-bible-newworld.txt,arb,Standard Arabic,Arab,Arabic
arb-x-bible.txt,arb,Standard Arabic,Arab,Arabic
are-x-bible.txt,are,Western Arrarnta,Latn,Latin
arl-x-bible.txt,arl,Arabela,Latn,Latin
arn-x-bible.txt,arn,Mapuche,Latn,Latin
arp-x-bible.txt,arp,Arapaho,Latn,Latin
ary-x-bible.txt,ary,Moroccan Arabic,Arab,Arabic
arz-x-bible.txt,arz,Egyptian Arabic,Arab,Arabic
asg-x-bible.txt,asg,Cishingini,Latn,Latin
aso-x-bible.txt,aso,Dano,Latn,Latin
ata-x-bible.txt,ata,Pele-Ata,Latn,Latin
atb-x-bible.txt,atb,Zaiwa,Latn,Latin
atd-x-bible.txt,atd,Ata Manobo,Latn,Latin
atg-x-bible.txt,atg,Ivbie North-Okpela-Arhe,Latn,Latin
att-x-bible.txt,att,Pamplona Atta,Latn,Latin
auc-x-bible.txt,auc,Waorani,Latn,Latin
aui-x-bible.txt,aui,Anuki,Latn,Latin
auy-x-bible.txt,auy,Awiyaana,Latn,Latin
ava-x-bible.txt,ava,Avaric,Cyrl,Cyrillic
avt-x-bible.txt,avt,Au,Latn,Latin
avu-x-bible.txt,avu,Avokaya,Latn,Latin
awa-x-bible.txt,awa,Awadhi,Deva,Devanagari (Nagari)
awb-x-bible.txt,awb,Awa (Papua New Guinea),Latn,Latin
awi-x-bible.txt,awi,Aekyom,Latn,Latin
awx-x-bible.txt,awx,Awara,Latn,Latin
ayo-x-bible.txt,ayo,Ayoreo,Latn,Latin
ayr-x-bible-1997.txt,ayr,Central Aymara,Latn,Latin
ayr-x-bible-2011.txt,ayr,Central Aymara,Latn,Latin
aze-x-bible-latin.txt,aze,Azerbaijani,Latn,Latin
aze-x-bible-newworld.txt,aze,Azerbaijani,Cyrl,Cyrillic
aze-x-bible.txt,aze,Azerbaijani,Latn,Latin
azg-x-bible.txt,azg,San Pedro Amuzgos Amuzgo,Latn,Latin
azz-x-bible.txt,azz,Highland Puebla Nahuatl,Latn,Latin
bak-x-bible.txt,bak,Bashkir,Cyrl,Cyrillic
bam-x-bible.txt,bam,Bambara,Latn,Latin
ban-x-bible.txt,ban,Balinese,Latn,Latin
bao-x-bible.txt,bao,Waimaha,Latn,Latin
bar-x-bible.txt,bar,Bavarian,Latn,Latin
bav-x-bible.txt,bav,Vengo,Latn,Latin
bba-x-bible.txt,bba,Baatonum,Latn,Latin
bbb-x-bible.txt,bbb,Barai,Latn,Latin
bbc-x-bible.txt,bbc,Batak Toba,Latn,Latin
bbj-x-bible.txt,bbj,Ghomálá',Latn,Latin
bbr-x-bible.txt,bbr,Girawa,Latn,Latin
bcc-x-bible-latin.txt,bcc,Southern Balochi,Latn,Latin
bcc-x-bible.txt,bcc,Southern Balochi,Arab,Arabic
bch-x-bible.txt,bch,Bariai,Latn,Latin
bci-x-bible.txt,bci,Baoulé,Latn,Latin
bcl-x-bible.txt,bcl,Central Bikol,Latn,Latin
bco-x-bible.txt,bco,Kaluli,Latn,Latin
bcw-x-bible.txt,bcw,Bana,Latn,Latin
bdd-x-bible.txt,bdd,Bunama,Latn,Latin
bdh-x-bible.txt,bdh,Baka (South Sudan),Latn,Latin
bea-x-bible.txt,bea,Beaver,Latn,Latin
bef-x-bible.txt,bef,Benabena,Latn,Latin
bel-x-bible-bokun.txt,bel,Belarusian,Cyrl,Cyrillic
bel-x-bible-semukha.txt,bel,Belarusian,Cyrl,Cyrillic
bem-x-bible-newworld.txt,bem,Bemba (Zambia),Latn,Latin
ben-x-bible-common.txt,ben,Bengali,Beng,Bengali (Bangla)
ben-x-bible-easy.txt,ben,Bengali,Beng,Bengali (Bangla)
ben-x-bible-holybible.txt,ben,Bengali,Beng,Bengali (Bangla)
ben-x-bible-mussolmani.txt,ben,Bengali,Beng,Bengali (Bangla)
ben-x-bible-old.txt,ben,Bengali,Beng,Bengali (Bangla)
beq-x-bible.txt,beq,Beembe,Latn,Latin
bex-x-bible.txt,bex,Jur Modo,Latn,Latin
bfd-x-bible.txt,bfd,Bafut,Latn,Latin
bfo-x-bible.txt,bfo,Malba Birifor,Latn,Latin
bgr-x-bible.txt,bgr,Bawm Chin,Latn,Latin
bgs-x-bible.txt,bgs,Tagabawa,Latn,Latin
bgz-x-bible.txt,bgz,Banggai,Latn,Latin
bhg-x-bible.txt,bhg,Binandere,Latn,Latin
bhl-x-bible.txt,bhl,Bimin,Latn,Latin
bhp-x-bible.txt,bhp,Bima,Latn,Latin
bib-x-bible.txt,bib,Bisa,Latn,Latin
big-x-bible.txt,big,Biangai,Latn,Latin
bim-x-bible.txt,bim,Bimoba,Latn,Latin
bis-x-bible.txt,bis,Bislama,Latn,Latin
biu-x-bible.txt,biu,Biete,Latn,Latin
biv-x-bible.txt,biv,Southern Birifor,Latn,Latin
bjp-x-bible.txt,bjp,Fanamaket,Latn,Latin
bjr-x-bible.txt,bjr,Binumarien,Latn,Latin
bjv-x-bible.txt,bjv,Bedjond,Latn,Latin
bkd-x-bible.txt,bkd,Binukid,Latn,Latin
bkq-x-bible.txt,bkq,Bakairí,Latn,Latin
bku-x-bible.txt,bku,Buhid,Latn,Latin
bkv-x-bible.txt,bkv,Bekwarra,Latn,Latin
blh-x-bible.txt,blh,Kuwaa,Latn,Latin
blw-x-bible.txt,blw,Balangao,Latn,Latin
blz-x-bible.txt,blz,Balantak,Latn,Latin
bmb-x-bible.txt,bmb,Bembe,Latn,Latin
bmh-x-bible.txt,bmh,Kein,Latn,Latin
bmk-x-bible.txt,bmk,Ghayavi,Latn,Latin
bmq-x-bible.txt,bmq,Bomu,Latn,Latin
bmr-x-bible.txt,bmr,Muinane,Latn,Latin
bmu-x-bible.txt,bmu,Somba-Siawari,Latn,Latin
bnj-x-bible.txt,bnj,Eastern Tawbuid,Latn,Latin
bnp-x-bible.txt,bnp,Bola,Latn,Latin
boa-x-bible.txt,boa,Bora,Latn,Latin
bod-x-bible.txt,bod,Tibetan,Tibt,Tibetan
boj-x-bible.txt,boj,Anjam,Latn,Latin
bom-x-bible.txt,bom,Berom,Latn,Latin
bon-x-bible.txt,bon,Bine,Latn,Latin
box-x-bible.txt,box,Buamu,Latn,Latin
bpr-x-bible.txt,bpr,Koronadal Blaan,Latn,Latin
bps-x-bible.txt,bps,Sarangani Blaan,Latn,Latin
bqc-x-bible.txt,bqc,Boko (Benin),Latn,Latin
bqj-x-bible.txt,bqj,Bandial,Latn,Latin
bqp-x-bible.txt,bqp,Busa,Latn,Latin
bre-x-bible.txt,bre,Breton,Latn,Latin
bru-x-bible.txt,bru,Eastern Bru,Latn,Latin
bsc-x-bible.txt,bsc,Bassari,Latn,Latin
bsn-x-bible.txt,bsn,Barasana-Eduria,Latn,Latin
bsp-x-bible.txt,bsp,Baga Sitemu,Latn,Latin
bss-x-bible.txt,bss,Akoose,Latn,Latin
btd-x-bible.txt,btd,Batak Dairi,Latn,Latin
bth-x-bible.txt,bth,Biatah Bidayuh,Latn,Latin
bto-x-bible.txt,bto,Rinconada Bikol,Latn,Latin
bts-x-bible.txt,bts,Batak Simalungun,Latn,Latin
btt-x-bible.txt,btt,Bete-Bendi,Latn,Latin
btx-x-bible.txt,btx,Batak Karo,Latn,Latin
bud-x-bible.txt,bud,Ntcham,Latn,Latin
bug-x-bible.txt,bug,Buginese,Latn,Latin
buk-x-bible.txt,buk,Bugawac,Latn,Latin
bul-x-bible-1940.txt,bul,Bulgarian,Cyrl,Cyrillic
bul-x-bible-modern.txt,bul,Bulgarian,Cyrl,Cyrillic
bul-x-bible-newworld.txt,bul,Bulgarian,Cyrl,Cyrillic
bul-x-bible-veren.txt,bul,Bulgarian,Cyrl,Cyrillic
bum-x-bible.txt,bum,Bulu (Cameroon),Latn,Latin
bus-x-bible.txt,bus,Bokobaru,Latn,Latin
bvr-x-bible.txt,bvr,Burarra,Latn,Latin
bvz-x-bible.txt,bvz,Bauzi,Latn,Latin
bwd-x-bible.txt,bwd,Bwaidoka,Latn,Latin
bwq-x-bible.txt,bwq,Southern Bobo Madaré,Latn,Latin
bwu-x-bible.txt,bwu,Buli (Ghana),Latn,Latin
bxh-x-bible.txt,bxh,Buhutu,Latn,Latin
bxr-x-bible.txt,bxr,Russia Buriat,Cyrl,Cyrillic
byr-x-bible-wagama.txt,byr,Baruya,Latn,Latin
byr-x-bible.txt,byr,Baruya,Latn,Latin
byx-x-bible.txt,byx,Qaqet,Latn,Latin
bzd-x-bible.txt,bzd,Bribri,Latn,Latin
bzh-x-bible.txt,bzh,Mapos Buang,Latn,Latin
bzi-x-bible.txt,bzi,Bisu,Thai,Thai
bzj-x-bible.txt,bzj,Belize Kriol English,Latn,Latin
caa-x-bible.txt,caa,Chortí,Latn,Latin
cab-x-bible.txt,cab,Garifuna,Latn,Latin
cac-x-bible-ixtatan.txt,cac,Chuj,Latn,Latin
cac-x-bible-sansebastian.txt,cac,Chuj,Latn,Latin
caf-x-bible.txt,caf,Southern Carrier,Latn,Latin
cag-x-bible.txt,cag,Nivaclé,Latn,Latin
cak-x-bible-central1980.txt,cak,Cakchiquel,Latn,Latin
cak-x-bible-central2003.txt,cak,Cakchiquel,Latn,Latin
cak-x-bible-chimaltenango.txt,cak,Cakchiquel,Latn,Latin
cak-x-bible-eastern.txt,cak,Cakchiquel,Latn,Latin
cak-x-bible-santamaria.txt,cak,Cakchiquel,Latn,Latin
cak-x-bible-southern.txt,cak,Cakchiquel,Latn,Latin
cak-x-bible-western.txt,cak,Cakchiquel,Latn,Latin
cak-x-bible-yepocapa.txt,cak,Cakchiquel,Latn,Latin
cao-x-bible.txt,cao,Chácobo,Latn,Latin
cap-x-bible-1978.txt,cap,Chipaya,Latn,Latin
cap-x-bible-2004.txt,cap,Chipaya,Latn,Latin
caq-x-bible.txt,caq,Car Nicobarese,Latn,Latin
car-x-bible.txt,car,Galibi Carib,Latn,Latin
cas-x-bible.txt,cas,Tsimané,Latn,Latin
cat-x-bible-evangelica.txt,cat,Catalan,Latn,Latin
cat-x-bible-inter.txt,cat,Catalan,Latn,Latin
cav-x-bible.txt,cav,Cavineña,Latn,Latin
cax-x-bible-1980.txt,cax,Chiquitano,Latn,Latin
cax-x-bible-2002.txt,cax,Chiquitano,Latn,Latin
cbc-x-bible.txt,cbc,Carapana,Latn,Latin
cbi-x-bible.txt,cbi,Chachi,Latn,Latin
cbk-x-bible.txt,cbk,Chavacano,Latn,Latin
cbr-x-bible.txt,cbr,Cashibo-Cacataibo,Latn,Latin
cbs-x-bible.txt,cbs,Cashinahua,Latn,Latin
cbt-x-bible.txt,cbt,Chayahuita,Latn,Latin
cbu-x-bible.txt,cbu,Candoshi-Shapra,Latn,Latin
cbv-x-bible.txt,cbv,Cacua,Latn,Latin
cce-x-bible.txt,cce,Chopi,Latn,Latin
cco-x-bible.txt,cco,Comaltepec Chinantec,Latn,Latin
ceb-x-bible-bugna.txt,ceb,Cebuano,Latn,Latin
ceb-x-bible-bugna2009.txt,ceb,Cebuano,Latn,Latin
ceb-x-bible-godsword.txt,ceb,Cebuano,Latn,Latin
ceb-x-bible-newworld.txt,ceb,Cebuano,Latn,Latin
ceb-x-bible-pinadayag.txt,ceb,Cebuano,Latn,Latin
ceb-x-bible-popular.txt,ceb,Cebuano,Latn,Latin
ceg-x-bible.txt,ceg,Chamacoco,Latn,Latin
ces-x-bible-bible21.txt,ces,Czech,Latn,Latin
ces-x-bible-ekumenicky.txt,ces,Czech,Latn,Latin
ces-x-bible-kralicka.txt,ces,Czech,Latn,Latin
ces-x-bible-living.txt,ces,Czech,Latn,Latin
ces-x-bible-newworld.txt,ces,Czech,Latn,Latin
ces-x-bible-novakarlica.txt,ces,Czech,Latn,Latin
ces-x-bible-preklad.txt,ces,Czech,Latn,Latin
cfm-x-bible.txt,cfm,Falam Chin,Latn,Latin
cgc-x-bible.txt,cgc,Kagayanen,Latn,Latin
cha-x-bible-1908.txt,cha,Chamorro,Latn,Latin
cha-x-bible-2003.txt,cha,Chamorro,Latn,Latin
cha-x-bible-2010.txt,cha,Chamorro,Latn,Latin
chd-x-bible.txt,chd,Highland Oaxaca Chontal,Latn,Latin
che-x-bible.txt,che,Chechen,Cyrl,Cyrillic
chf-x-bible.txt,chf,Tabasco Chontal,Latn,Latin
chk-x-bible.txt,chk,Chuukese,Latn,Latin
chq-x-bible.txt,chq,Quiotepec Chinantec,Latn,Latin
chr-x-bible.txt,chr,Cherokee,Cher,Cherokee
chu-x-bible.txt,chu,Church Slavic,Cyrl,Cyrillic
chv-x-bible.txt,chv,Chuvash,Cyrl,Cyrillic
chz-x-bible.txt,chz,Ozumacín Chinantec,Latn,Latin
cjo-x-bible.txt,cjo,Ashéninka Pajonal,Latn,Latin
cjp-x-bible.txt,cjp,Cabécar,Latn,Latin
cjs-x-bible.txt,cjs,Shor,Cyrl,Cyrillic
cjv-x-bible.txt,cjv,Chuave,Latn,Latin
ckb-x-bible.txt,ckb,Central Kurdish,Arab,Arabic
cko-x-bible.txt,cko,Anufo,Latn,Latin
ckt-x-bible.txt,ckt,Chukot,Cyrl,Cyrillic
cle-x-bible.txt,cle,Lealao Chinantec,Latn,Latin
clu-x-bible.txt,clu,Caluyanun,Latn,Latin
cly-x-bible.txt,cly,Eastern Highland Chatino,Latn,Latin
cme-x-bible.txt,cme,Cerma,Latn,Latin
cmn-x-bible-csb-simplified.txt,cmn,Mandarin Chinese,Hani,"Han (Hanzi, Kanji, Hanja)"
cmn-x-bible-cuvmp-simplified2.txt,cmn,Mandarin Chinese,Hani,"Han (Hanzi, Kanji, Hanja)"
cmo-x-bible.txt,cmo,Central Mnong,Latn,Latin
cnh-x-bible.txt,cnh,Haka Chin,Latn,Latin
cni-x-bible.txt,cni,Asháninka,Latn,Latin
cnl-x-bible.txt,cnl,Lalana Chinantec,Latn,Latin
cnt-x-bible.txt,cnt,Tepetotutla Chinantec,Latn,Latin
cnw-x-bible.txt,cnw,Ngawn Chin,Latn,Latin
coe-x-bible.txt,coe,Koreguaje,Latn,Latin
cof-x-bible.txt,cof,Colorado,Latn,Latin
cok-x-bible.txt,cok,Santa Teresa Cora,Latn,Latin
con-x-bible.txt,con,Cofán,Latn,Latin
cop-x-bible-bohairic.txt,cop,Coptic,Copt,Coptic
cop-x-bible-bohairicdiacritics.txt,cop,Coptic,Copt,Coptic
cop-x-bible-sahidic.txt,cop,Coptic,Copt,Coptic
cor-x-bible.txt,cor,Cornish,Latn,Latin
cot-x-bible.txt,cot,Caquinte,Latn,Latin
cpa-x-bible.txt,cpa,Palantla Chinantec,Latn,Latin
cpb-x-bible.txt,cpb,Ucayali-Yurúa Ashéninka,Latn,Latin
cpc-x-bible.txt,cpc,Ajyíninka Apurucayali,Latn,Latin
cpu-x-bible.txt,cpu,Pichis Ashéninka,Latn,Latin
cpy-x-bible.txt,cpy,South Ucayali Ashéninka,Latn,Latin
crh-x-bible.txt,crh,Crimean Tatar,Cyrl,Cyrillic
crm-x-bible.txt,crm,Moose Cree,Cans,Unified Canadian Aboriginal Syllabics
crn-x-bible-nayar.txt,crn,El Nayar Cora,Latn,Latin
crn-x-bible-presidio.txt,crn,El Nayar Cora,Latn,Latin
crq-x-bible.txt,crq,Iyo'wujwa Chorote,Latn,Latin
crs-x-bible.txt,crs,Seselwa Creole French,Latn,Latin
crt-x-bible.txt,crt,Iyojwa'ja Chorote,Latn,Latin
crx-x-bible.txt,crx,Carrier,Latn,Latin
csk-x-bible.txt,csk,Jola-Kasa,Latn,Latin
cso-x-bible.txt,cso,Sochiapam Chinantec,Latn,Latin
csy-x-bible.txt,csy,Siyin Chin,Latn,Latin
cta-x-bible.txt,cta,Tataltepec Chatino,Latn,Latin
ctd-x-bible.txt,ctd,Tedim Chin,Latn,Latin
ctp-x-bible.txt,ctp,Western Highland Chatino,Latn,Latin
ctu-x-bible-tili.txt,ctu,Chol,Latn,Latin
ctu-x-bible-tumbala.txt,ctu,Chol,Latn,Latin
cub-x-bible.txt,cub,Cubeo,Latn,Latin
cuc-x-bible.txt,cuc,Usila Chinantec,Latn,Latin
cui-x-bible.txt,cui,Cuiba,Latn,Latin
cuk-x-bible.txt,cuk,San Blas Kuna,Latn,Latin
cul-x-bible.txt,cul,Culina,Latn,Latin
cut-x-bible.txt,cut,Teutila Cuicatec,Latn,Latin
cux-x-bible.txt,cux,Tepeuxila Cuicatec,Latn,Latin
cwe-x-bible.txt,cwe,Kwere,Latn,Latin
cwt-x-bible.txt,cwt,Kuwaataay,Latn,Latin
cya-x-bible.txt,cya,Nopala Chatino,Latn,Latin
cym-x-bible-colloquial2013.txt,cym,Welsh,Latn,Latin
cym-x-bible-morgan1804.txt,cym,Welsh,Latn,Latin
cym-x-bible-revised2004.txt,cym,Welsh,Latn,Latin
czt-x-bible.txt,czt,Zotung Chin,Latn,Latin
daa-x-bible.txt,daa,Dangaléat,Latn,Latin
dad-x-bible.txt,dad,Marik,Latn,Latin
dah-x-bible.txt,dah,Gwahatike,Latn,Latin
dak-x-bible.txt,dak,Dakota,Latn,Latin
dan-x-bible-1931.txt,dan,Danish,Latn,Latin
dan-x-bible-frederik.txt,dan,Danish,Latn,Latin
dan-x-bible-hverdagsdansk.txt,dan,Danish,Latn,Latin
dan-x-bible-newworld.txt,dan,Danish,Latn,Latin
dar-x-bible.txt,dar,Dargwa,Cyrl,Cyrillic
ded-x-bible.txt,ded,Dedua,Latn,Latin
des-x-bible.txt,des,Desano,Latn,Latin
deu-x-bible-albrecht.txt,deu,German,Latn,Latin
deu-x-bible-bolsinger.txt,deu,German,Latn,Latin
deu-x-bible-elberfelder1871.txt,deu,German,Latn,Latin
deu-x-bible-elberfelder1905.txt,deu,German,Latn,Latin
deu-x-bible-erben.txt,deu,German,Latn,Latin
deu-x-bible-freebible.txt,deu,German,Latn,Latin
deu-x-bible-genfer2011.txt,deu,German,Latn,Latin
deu-x-bible-greber.txt,deu,German,Latn,Latin
deu-x-bible-gruenewalder.txt,deu,German,Latn,Latin
deu-x-bible-hoffnung.txt,deu,German,Latn,Latin
deu-x-bible-interlinear.txt,deu,German,Latn,Latin
deu-x-bible-konkordant.txt,deu,German,Latn,Latin
deu-x-bible-lebendig.txt,deu,German,Latn,Latin
deu-x-bible-luther1545letztehand.txt,deu,German,Latn,Latin
deu-x-bible-luther1912.txt,deu,German,Latn,Latin
deu-x-bible-luther2017.txt,deu,German,Latn,Latin
deu-x-bible-meister.txt,deu,German,Latn,Latin
deu-x-bible-menge.txt,deu,German,Latn,Latin
deu-x-bible-neue.txt,deu,German,Latn,Latin
deu-x-bible-newworld.txt,deu,German,Latn,Latin
deu-x-bible-pattloch.txt,deu,German,Latn,Latin
deu-x-bible-reinhardt1910.txt,deu,German,Latn,Latin
deu-x-bible-schlachter.txt,deu,German,Latn,Latin
deu-x-bible-schlachter2000.txt,deu,German,Latn,Latin
deu-x-bible-tafelbibel.txt,deu,German,Latn,Latin
deu-x-bible-textbibel.txt,deu,German,Latn,Latin
deu-x-bible-volxbibel.txt,deu,German,Latn,Latin
deu-x-bible-zuercher.txt,deu,German,Latn,Latin
dgc-x-bible.txt,dgc,Casiguran Dumagat Agta,Latn,Latin
dgi-x-bible.txt,dgi,Northern Dagara,Latn,Latin
dgr-x-bible.txt,dgr,Dogrib,Latn,Latin
dgz-x-bible.txt,dgz,Daga,Latn,Latin
dhg-x-bible.txt,dhg,Dhangu,Latn,Latin
dhm-x-bible.txt,dhm,Zemba,Latn,Latin
dig-x-bible.txt,dig,Chidigo,Latn,Latin
dik-x-bible.txt,dik,Southwestern Dinka,Latn,Latin
dip-x-bible.txt,dip,Northeastern Dinka,Latn,Latin
dis-x-bible.txt,dis,Dimasa,Latn,Latin
dje-x-bible.txt,dje,Zarma,Latn,Latin
djk-x-bible.txt,djk,Businenge Tongo,Latn,Latin
djr-x-bible.txt,djr,Djambarrpuyngu,Latn,Latin
dng-x-bible.txt,dng,Dungan,Cyrl,Cyrillic
dnj-x-bible-eastern.txt,dnj,Dan,Latn,Latin
dnj-x-bible-western.txt,dnj,Dan,Latn,Latin
dob-x-bible.txt,dob,Dobu,Latn,Latin
dop-x-bible.txt,dop,Lukpa,Latn,Latin
dow-x-bible.txt,dow,Doyayo,Latn,Latin
dtp-x-bible.txt,dtp,Central Dusun,Latn,Latin
dts-x-bible.txt,dts,Toro So Dogon,Latn,Latin
due-x-bible.txt,due,Umiray Dumaget Agta,Latn,Latin
dug-x-bible.txt,dug,Chiduruma,Latn,Latin
duo-x-bible.txt,duo,Dupaninan Agta,Latn,Latin
dur-x-bible.txt,dur,Dii,Latn,Latin
dwr-x-bible.txt,dwr,Dawro,Latn,Latin
dww-x-bible.txt,dww,Dawawa,Latn,Latin
dyi-x-bible.txt,dyi,Djimini Senoufo,Latn,Latin
dyo-x-bible.txt,dyo,Jola-Fonyi,Latn,Latin
dyu-x-bible.txt,dyu,Dyula,Latn,Latin
ebk-x-bible.txt,ebk,Eastern Bontok,Latn,Latin
efi-x-bible-newworld.txt,efi,Efik,Latn,Latin
eka-x-bible.txt,eka,Ekajuk,Latn,Latin
eko-x-bible.txt,eko,Koti,Latn,Latin
ell-x-bible-hellenic1.txt,ell,Modern Greek (1453-),Grek,Greek
ell-x-bible-hellenic2.txt,ell,Modern Greek (1453-),Grek,Greek
ell-x-bible-karalis.txt,ell,Modern Greek (1453-),Grek,Greek
ell-x-bible-karalis2.txt,ell,Modern Greek (1453-),Grek,Greek
ell-x-bible-koine1894.txt,ell,Modern Greek (1453-),Grek,Greek
ell-x-bible-modern2009.txt,ell,Modern Greek (1453-),Grek,Greek
ell-x-bible-newworld.txt,ell,Modern Greek (1453-),Grek,Greek
ell-x-bible-unidentified.txt,ell,Modern Greek (1453-),Grek,Greek
emi-x-bible.txt,emi,Mussau-Emira,Latn,Latin
emp-x-bible.txt,emp,Northern Emberá,Latn,Latin
enb-x-bible.txt,enb,Markweeta,Latn,Latin
eng-x-bible-amplified.txt,eng,English,Latn,Latin
eng-x-bible-basic.txt,eng,English,Latn,Latin
eng-x-bible-books.txt,eng,English,Latn,Latin
eng-x-bible-catholic.txt,eng,English,Latn,Latin
eng-x-bible-clontz.txt,eng,English,Latn,Latin
eng-x-bible-common.txt,eng,English,Latn,Latin
eng-x-bible-contemporary.txt,eng,English,Latn,Latin
eng-x-bible-darby.txt,eng,English,Latn,Latin
eng-x-bible-diaglot.txt,eng,English,Latn,Latin
eng-x-bible-easytoread.txt,eng,English,Latn,Latin
eng-x-bible-etheridge.txt,eng,English,Latn,Latin
eng-x-bible-godsword.txt,eng,English,Latn,Latin
eng-x-bible-goodnews.txt,eng,English,Latn,Latin
eng-x-bible-kingjames.txt,eng,English,Latn,Latin
eng-x-bible-lexham.txt,eng,English,Latn,Latin
eng-x-bible-literal.txt,eng,English,Latn,Latin
eng-x-bible-majority.txt,eng,English,Latn,Latin
eng-x-bible-montgomery.txt,eng,English,Latn,Latin
eng-x-bible-new2007.txt,eng,English,Latn,Latin
eng-x-bible-newcentury.txt,eng,English,Latn,Latin
eng-x-bible-newinternational.txt,eng,English,Latn,Latin
eng-x-bible-newliving.txt,eng,English,Latn,Latin
eng-x-bible-newreaders.txt,eng,English,Latn,Latin
eng-x-bible-newsimplified.txt,eng,English,Latn,Latin
eng-x-bible-newworld1984.txt,eng,English,Latn,Latin
eng-x-bible-newworld2013.txt,eng,English,Latn,Latin
eng-x-bible-riverside.txt,eng,English,Latn,Latin
eng-x-bible-scriptures.txt,eng,English,Latn,Latin
eng-x-bible-standard.txt,eng,English,Latn,Latin
eng-x-bible-treeoflife.txt,eng,English,Latn,Latin
eng-x-bible-world.txt,eng,English,Latn,Latin
eng-x-bible-worldwide.txt,eng,English,Latn,Latin
enl-x-bible.txt,enl,Enlhet,Latn,Latin
enm-x-bible-bishop.txt,enm,Middle English (1100-1500),Latn,Latin
enm-x-bible-coverdale.txt,enm,Middle English (1100-1500),Latn,Latin
enm-x-bible-geneva.txt,enm,Middle English (1100-1500),Latn,Latin
enm-x-bible-tyndale.txt,enm,Middle English (1100-1500),Latn,Latin
enm-x-bible-wycliffe.txt,enm,Middle English (1100-1500),Latn,Latin
enx-x-bible.txt,enx,Enxet,Latn,Latin
epo-x-bible.txt,epo,Esperanto,Latn,Latin
eri-x-bible.txt,eri,Ogea,Latn,Latin
ese-x-bible.txt,ese,Ese Ejja,Latn,Latin
esi-x-bible.txt,esi,North Alaskan Inupiatun,Latn,Latin
esk-x-bible.txt,esk,Northwest Alaska Inupiatun,Latn,Latin
est-x-bible-1968.txt,est,Estonian,Latn,Latin
est-x-bible-1997.txt,est,Estonian,Latn,Latin
est-x-bible-newworld2009.txt,est,Estonian,Latn,Latin
esu-x-bible.txt,esu,Central Yupik,Latn,Latin
etr-x-bible.txt,etr,Edolo,Latn,Latin
etu-x-bible.txt,etu,Ejagham,Latn,Latin
eus-x-bible-Hautin1571.txt,eus,Basque,Latn,Latin
eus-x-bible-batua.txt,eus,Basque,Latn,Latin
eus-x-bible-navarrolabourdin.txt,eus,Basque,Latn,Latin
eve-x-bible.txt,eve,Even,Cyrl,Cyrillic
ewe-x-bible-newworld.txt,ewe,Ewe,Latn,Latin
ewe-x-bible.txt,ewe,Ewe,Latn,Latin
eza-x-bible.txt,eza,Ezaa,Latn,Latin
faa-x-bible.txt,faa,Fasu,Latn,Latin
fad-x-bible.txt,fad,Wagi,Latn,Latin
fai-x-bible.txt,fai,Faiwol,Latn,Latin
fal-x-bible.txt,fal,South Fali,Latn,Latin
fao-x-bible.txt,fao,Faroese,Latn,Latin
ffm-x-bible.txt,ffm,Maasina Fulfulde,Latn,Latin
fij-x-bible-1974.txt,fij,Fijian,Latn,Latin
fij-x-bible-bau.txt,fij,Fijian,Latn,Latin
fij-x-bible-hindi.txt,fij,Fijian,Latn,Latin
fij-x-bible-newworld.txt,fij,Fijian,Latn,Latin
fil-x-bible-1905.txt,fil,Filipino,Latn,Latin
fil-x-bible-2005.txt,fil,Filipino,Latn,Latin
fin-x-bible-1766.txt,fin,Finnish,Latn,Latin
fin-x-bible-1933.txt,fin,Finnish,Latn,Latin
fin-x-bible-1992.txt,fin,Finnish,Latn,Latin
fin-x-bible-newworld.txt,fin,Finnish,Latn,Latin
fon-x-bible.txt,fon,Fon,Latn,Latin
for-x-bible.txt,for,Fore,Latn,Latin
fra-x-bible-courant1997.txt,fra,French,Latn,Latin
fra-x-bible-crampon.txt,fra,French,Latn,Latin
fra-x-bible-darby.txt,fra,French,Latn,Latin
fra-x-bible-davidmartin.txt,fra,French,Latn,Latin
fra-x-bible-despeuples.txt,fra,French,Latn,Latin
fra-x-bible-geneve1669.txt,fra,French,Latn,Latin
fra-x-bible-jerusalem2004.txt,fra,French,Latn,Latin
fra-x-bible-kingjames.txt,fra,French,Latn,Latin
fra-x-bible-louissegond.txt,fra,French,Latn,Latin
fra-x-bible-newworld.txt,fra,French,Latn,Latin
fra-x-bible-nouvellesegond.txt,fra,French,Latn,Latin
fra-x-bible-ostervald1867.txt,fra,French,Latn,Latin
fra-x-bible-paroledevie.txt,fra,French,Latn,Latin
fra-x-bible-perret.txt,fra,French,Latn,Latin
fra-x-bible-pirotclamer.txt,fra,French,Latn,Latin
fra-x-bible-segond21.txt,fra,French,Latn,Latin
fra-x-bible-semeur.txt,fra,French,Latn,Latin
fra-x-bible-zadockahn.txt,fra,French,Latn,Latin
fry-x-bible.txt,fry,Western Frisian,Latn,Latin
fub-x-bible.txt,fub,Adamawa Fulfulde,Latn,Latin
fue-x-bible.txt,fue,Borgu Fulfulde,Latn,Latin
fuf-x-bible.txt,fuf,Pular,Latn,Latin
fuh-x-bible.txt,fuh,Western Niger Fulfulde,Latn,Latin
fuq-x-bible.txt,fuq,Central-Eastern Niger Fulfulde,Latn,Latin
fuv-x-bible.txt,fuv,Nigerian Fulfulde,Latn,Latin
gaa-x-bible-newworld.txt,gaa,Ga,Latn,Latin
gag-x-bible-latin.txt,gag,Gagauz,Latn,Latin
gag-x-bible.txt,gag,Gagauz,Cyrl,Cyrillic
gah-x-bible.txt,gah,Alekano,Latn,Latin
gam-x-bible.txt,gam,Kandawo,Latn,Latin
gaw-x-bible.txt,gaw,Nobonob,Latn,Latin
gbi-x-bible.txt,gbi,Galela,Latn,Latin
gbo-x-bible.txt,gbo,Northern Grebo,Latn,Latin
gbr-x-bible.txt,gbr,Gbagyi,Latn,Latin
gde-x-bible.txt,gde,Gude,Latn,Latin
gdg-x-bible.txt,gdg,Ga'dang,Latn,Latin
gdn-x-bible.txt,gdn,Umanakaina,Latn,Latin
gdr-x-bible.txt,gdr,Wipi,Latn,Latin
geb-x-bible.txt,geb,Kire,Latn,Latin
gej-x-bible.txt,gej,Gen,Latn,Latin
gfk-x-bible.txt,gfk,Patpatar,Latn,Latin
ghe-x-bible.txt,ghe,Southern Ghale,Deva,Devanagari (Nagari)
ghs-x-bible.txt,ghs,Guhu-Samane,Latn,Latin
gid-x-bible.txt,gid,Gidar,Latn,Latin
gil-x-bible.txt,gil,Gilbertese,Latn,Latin
giz-x-bible.txt,giz,South Giziga,Latn,Latin
gjn-x-bible.txt,gjn,Gonja,Latn,Latin
gkn-x-bible.txt,gkn,Gokana,Latn,Latin
gkp-x-bible.txt,gkp,Guinea Kpelle,Latn,Latin
gla-x-bible.txt,gla,Gaelic,Latn,Latin
gle-x-bible.txt,gle,Irish,Latn,Latin
glk-x-bible.txt,glk,Gilaki,Arab,Arabic
glv-x-bible.txt,glv,Manx,Latn,Latin
gmv-x-bible-geez.txt,gmv,Gamo,Ethi,Ethiopic (Geʻez)
gmv-x-bible-latin.txt,gmv,Gamo,Latn,Latin
gnb-x-bible.txt,gnb,Gangte,Latn,Latin
gnd-x-bible.txt,gnd,Zulgo-Gemzek,Latn,Latin
gng-x-bible.txt,gng,Ngangam,Latn,Latin
gnn-x-bible.txt,gnn,Gumatj,Latn,Latin
gnw-x-bible.txt,gnw,Western Bolivian Guaraní,Latn,Latin
gof-x-bible.txt,gof,Gofa,Latn,Latin
gog-x-bible.txt,gog,Gogo,Latn,Latin
gor-x-bible.txt,gor,Gorontalo,Latn,Latin
got-x-bible.txt,got,Gothic,Goth,Gothic
gqr-x-bible.txt,gqr,Gor,Latn,Latin
grc-x-bible-accented.txt,grc,Ancient Greek (to 1453),Grek,Greek
grc-x-bible-byzantine.txt,grc,Ancient Greek (to 1453),Grek,Greek
grc-x-bible-combined2005.txt,grc,Ancient Greek (to 1453),Grek,Greek
grc-x-bible-ecumenical.txt,grc,Ancient Greek (to 1453),Grek,Greek
grc-x-bible-textusreceptusVAR1.txt,grc,Ancient Greek (to 1453),Grek,Greek
grc-x-bible-textusreceptusVAR2.txt,grc,Ancient Greek (to 1453),Grek,Greek
grc-x-bible-tischendorf.txt,grc,Ancient Greek (to 1453),Grek,Greek
grc-x-bible-unaccented.txt,grc,Ancient Greek (to 1453),Grek,Greek
grc-x-bible-wescotthortVAR1.txt,grc,Ancient Greek (to 1453),Grek,Greek
grc-x-bible-wescotthortVAR2.txt,grc,Ancient Greek (to 1453),Grek,Greek
grt-x-bible.txt,grt,Garo,Beng,Bengali (Bangla)
gso-x-bible.txt,gso,Southwest Gbaya,Latn,Latin
gub-x-bible.txt,gub,Guajajára,Latn,Latin
guc-x-bible.txt,guc,Wayuu,Latn,Latin
gud-x-bible.txt,gud,Yocoboué Dida,Latn,Latin
gug-x-bible-newworld.txt,gug,Paraguayan Guaraní,Latn,Latin
gug-x-bible.txt,gug,Paraguayan Guaraní,Latn,Latin
guh-x-bible.txt,guh,Guahibo,Latn,Latin
gui-x-bible.txt,gui,Eastern Bolivian Guaraní,Latn,Latin
guj-x-bible.txt,guj,Gujarati,Gujr,Gujarati
guk-x-bible.txt,guk,Gumuz,Ethi,Ethiopic (Geʻez)
gul-x-bible.txt,gul,Sea Island Creole English,Latn,Latin
gum-x-bible.txt,gum,Guambiano,Latn,Latin
gun-x-bible.txt,gun,Mbyá Guaraní,Latn,Latin
guo-x-bible.txt,guo,Guayabero,Latn,Latin
guq-x-bible.txt,guq,Aché,Latn,Latin
gur-x-bible-frafra.txt,gur,Farefare,Latn,Latin
gur-x-bible-ninkare.txt,gur,Farefare,Latn,Latin
guw-x-bible-newworld.txt,guw,Gun,Latn,Latin
gux-x-bible.txt,gux,Gourmanchéma,Latn,Latin
guz-x-bible.txt,guz,Ekegusii,Latn,Latin
gvc-x-bible.txt,gvc,Guanano,Latn,Latin
gvf-x-bible.txt,gvf,Golin,Latn,Latin
gvl-x-bible.txt,gvl,Gulay,Latn,Latin
gvn-x-bible.txt,gvn,Kuku-Yalanji,Latn,Latin
gwi-x-bible.txt,gwi,Gwichʼin,Latn,Latin
gya-x-bible.txt,gya,Northwest Gbaya,Latn,Latin
gym-x-bible.txt,gym,Ngäbere,Latn,Latin
gyr-x-bible-1985.txt,gyr,Guarayu,Latn,Latin
gyr-x-bible-2002.txt,gyr,Guarayu,Latn,Latin
gyr-x-bible-urubicha.txt,gyr,Guarayu,Latn,Latin
hae-x-bible.txt,hae,Eastern Oromo,Latn,Latin
hag-x-bible.txt,hag,Hanga,Latn,Latin
hak-x-bible.txt,hak,Hakka Chinese,Latn,Latin
hat-x-bible-1985.txt,hat,Haitian,Latn,Latin
hat-x-bible-1999.txt,hat,Haitian,Latn,Latin
hat-x-bible-newworld2007.txt,hat,Haitian,Latn,Latin
hat-x-bible-newworld2015.txt,hat,Haitian,Latn,Latin
hau-x-bible.txt,hau,Hausa,Latn,Latin
haw-x-bible.txt,haw,Hawaiian,Latn,Latin
hay-x-bible.txt,hay,Haya,Latn,Latin
hbo-x-bible-aleppo.txt,hbo,Ancient Hebrew,Hebr,Hebrew
hbo-x-bible-leningrad.txt,hbo,Ancient Hebrew,Hebr,Hebrew
hbo-x-bible-leningradconsonants.txt,hbo,Ancient Hebrew,Hebr,Hebrew
hbo-x-bible-leningradunicode.txt,hbo,Ancient Hebrew,Hebr,Hebrew
hbo-x-bible-leningradunicodeconsonants.txt,hbo,Ancient Hebrew,Hebr,Hebrew
hbo-x-bible-westminster.txt,hbo,Ancient Hebrew,Hebr,Hebrew
hch-x-bible.txt,hch,Huichol,Latn,Latin
heb-x-bible-newworld.txt,heb,Hebrew,Hebr,Hebrew
heb-x-bible.txt,heb,Hebrew,Hebr,Hebrew
heg-x-bible.txt,heg,Helong,Latn,Latin
heh-x-bible.txt,heh,Hehe,Latn,Latin
hif-x-bible.txt,hif,Fiji Hindi,Latn,Latin
hig-x-bible.txt,hig,Kamwe,Latn,Latin
hil-x-bible-newworld2007.txt,hil,Hiligaynon,Latn,Latin
hil-x-bible-newworld2014.txt,hil,Hiligaynon,Latn,Latin
hil-x-bible.txt,hil,Hiligaynon,Latn,Latin
hin-x-bible-bsi.txt,hin,Hindi,Deva,Devanagari (Nagari)
hin-x-bible-easy.txt,hin,Hindi,Deva,Devanagari (Nagari)
hin-x-bible-latin.txt,hin,Hindi,Latn,Latin
hin-x-bible-newworld.txt,hin,Hindi,Deva,Devanagari (Nagari)
hix-x-bible.txt,hix,Hixkaryána,Latn,Latin
hla-x-bible.txt,hla,Halia,Latn,Latin
hlt-x-bible.txt,hlt,Matu Chin,Latn,Latin
hmo-x-bible-newworld.txt,hmo,Hiri Motu,Latn,Latin
hmo-x-bible.txt,hmo,Hiri Motu,Latn,Latin
hne-x-bible.txt,hne,Chhattisgarhi,Deva,Devanagari (Nagari)
hnj-x-bible-standard.txt,hnj,Hmong Njua,Laoo,Lao
hnj-x-bible.txt,hnj,Hmong Njua,Laoo,Lao
hnn-x-bible.txt,hnn,Hanunoo,Latn,Latin
hns-x-bible.txt,hns,Caribbean Hindustani,Latn,Latin
hop-x-bible.txt,hop,Hopi,Latn,Latin
hot-x-bible.txt,hot,Hote,Latn,Latin
hra-x-bible.txt,hra,Hrangkhol,Latn,Latin
hrv-x-bible-2000.txt,hrv,Croatian,Latn,Latin
hrv-x-bible-complete.txt,hrv,Croatian,Latn,Latin
hrv-x-bible-newworld.txt,hrv,Croatian,Latn,Latin
hto-x-bible.txt,hto,Minica Huitoto,Latn,Latin
hub-x-bible-1975.txt,hub,Huambisa,Latn,Latin
hub-x-bible-2010.txt,hub,Huambisa,Latn,Latin
hui-x-bible.txt,hui,Huli,Latn,Latin
hun-x-bible-2003.txt,hun,Hungarian,Latn,Latin
hun-x-bible-2005.txt,hun,Hungarian,Latn,Latin
hun-x-bible-2012.txt,hun,Hungarian,Latn,Latin
hun-x-bible-karoli.txt,hun,Hungarian,Latn,Latin
hun-x-bible-newworld.txt,hun,Hungarian,Latn,Latin
hun-x-bible-revised.txt,hun,Hungarian,Latn,Latin
hus-x-bible-sanluispotosi.txt,hus,Huastec,Latn,Latin
hus-x-bible-veracruz.txt,hus,Huastec,Latn,Latin
huu-x-bible.txt,huu,Murui Huitoto,Latn,Latin
huv-x-bible.txt,huv,San Mateo Del Mar Huave,Latn,Latin
hvn-x-bible.txt,hvn,Sabu,Latn,Latin
hwc-x-bible-2000.txt,hwc,Hawai'i Creole English,Latn,Latin
hye-x-bible-eastern.txt,hye,Armenian,Armn,Armenian
hye-x-bible-latin.txt,hye,Armenian,Latn,Latin
hye-x-bible-newworld.txt,hye,Armenian,Armn,Armenian
hye-x-bible-western.txt,hye,Armenian,Armn,Armenian
ian-x-bible.txt,ian,Iatmul,Latn,Latin
iba-x-bible.txt,iba,Iban,Latn,Latin
ibo-x-bible-newworld.txt,ibo,Igbo,Latn,Latin
ibo-x-bible.txt,ibo,Igbo,Latn,Latin
icr-x-bible.txt,icr,Islander Creole English,Latn,Latin
ifa-x-bible.txt,ifa,Amganad Ifugao,Latn,Latin
ifb-x-bible.txt,ifb,Ayangan Ifugao,Latn,Latin
ifk-x-bible.txt,ifk,Tuwali Ifugao,Latn,Latin
ifu-x-bible.txt,ifu,Mayoyao Ifugao,Latn,Latin
ify-x-bible.txt,ify,Keley-I Kallahan,Latn,Latin
ign-x-bible-1980.txt,ign,Ignaciano,Latn,Latin
ign-x-bible-2004.txt,ign,Ignaciano,Latn,Latin
ike-x-bible.txt,ike,Eastern Canadian Inuktitut,Cans,Unified Canadian Aboriginal Syllabics
ikk-x-bible.txt,ikk,Ika,Latn,Latin
ikw-x-bible.txt,ikw,Ikwere,Latn,Latin
ilb-x-bible.txt,ilb,Ila,Latn,Latin
ilo-x-bible-newworld.txt,ilo,Iloko,Latn,Latin
ilo-x-bible-popular.txt,ilo,Iloko,Latn,Latin
ilo-x-bible-revised.txt,ilo,Iloko,Latn,Latin
ilo-x-bible.txt,ilo,Iloko,Latn,Latin
imo-x-bible.txt,imo,Imbongu,Latn,Latin
inb-x-bible.txt,inb,Inga,Latn,Latin
ind-x-bible-bouma.txt,ind,Indonesian,Latn,Latin
ind-x-bible-easy2005.txt,ind,Indonesian,Latn,Latin
ind-x-bible-firman.txt,ind,Indonesian,Latn,Latin
ind-x-bible-kabarbaik.txt,ind,Indonesian,Latn,Latin
ind-x-bible-newworld.txt,ind,Indonesian,Latn,Latin
ind-x-bible-suciinjil.txt,ind,Indonesian,Latn,Latin
ind-x-bible-terjemahanbaru.txt,ind,Indonesian,Latn,Latin
ind-x-bible-terjemahanlama.txt,ind,Indonesian,Latn,Latin
ino-x-bible.txt,ino,Inoke-Yate,Latn,Latin
iou-x-bible.txt,iou,Tuma-Irumu,Latn,Latin
ipi-x-bible.txt,ipi,Ipili,Latn,Latin
iqw-x-bible.txt,iqw,Ikwo,Latn,Latin
iri-x-bible.txt,iri,Irigwe,Latn,Latin
irk-x-bible.txt,irk,Iraqw,Latn,Latin
iry-x-bible.txt,iry,Iraya,Latn,Latin
isd-x-bible.txt,isd,Isnag,Latn,Latin
isl-x-bible.txt,isl,Icelandic,Latn,Latin
ita-x-bible-2009.txt,ita,Italian,Latn,Latin
ita-x-bible-diodati.txt,ita,Italian,Latn,Latin
ita-x-bible-newworld.txt,ita,Italian,Latn,Latin
ita-x-bible-nuovadiodati1991.txt,ita,Italian,Latn,Latin
ita-x-bible-nuovariveduta.txt,ita,Italian,Latn,Latin
ita-x-bible-riveduta.txt,ita,Italian,Latn,Latin
ita-x-bible-vita1997.txt,ita,Italian,Latn,Latin
itv-x-bible.txt,itv,Itawit,Latn,Latin
ium-x-bible-lao.txt,ium,Iu Mien,Laoo,Lao
ium-x-bible-latin.txt,ium,Iu Mien,Latn,Latin
ium-x-bible-latinnew.txt,ium,Iu Mien,Latn,Latin
ium-x-bible-thai.txt,ium,Iu Mien,Thai,Thai
ivb-x-bible.txt,ivb,Ibatan,Latn,Latin
ivv-x-bible.txt,ivv,Ivatan,Latn,Latin
iws-x-bible.txt,iws,Sepik Iwam,Latn,Latin
ixl-x-bible-2001.txt,ixl,Ixil,Latn,Latin
ixl-x-bible-nebaj.txt,ixl,Ixil,Latn,Latin
izr-x-bible.txt,izr,Izere,Latn,Latin
izz-x-bible.txt,izz,Izii,Latn,Latin
jac-x-bible.txt,jac,Jakalteko,Latn,Latin
jae-x-bible.txt,jae,Yabem,Latn,Latin
jam-x-bible.txt,jam,Jamaican Creole English,Latn,Latin
jav-x-bible-1981.txt,jav,Javanese,Latn,Latin
jav-x-bible-1994.txt,jav,Javanese,Latn,Latin
jav-x-bible-2006.txt,jav,Javanese,Latn,Latin
jbu-x-bible.txt,jbu,Jukun Takum,Latn,Latin
jic-x-bible.txt,jic,Tol,Latn,Latin
jiv-x-bible.txt,jiv,Shuar,Latn,Latin
jmc-x-bible.txt,jmc,Machame,Latn,Latin
jpn-x-bible-newworld.txt,jpn,Japanese,Jpan,Japanese Characters
jra-x-bible.txt,jra,Jarai,Latn,Latin
jvn-x-bible.txt,jvn,Caribbean Javanese,Latn,Latin
kaa-x-bible-cyrillic.txt,kaa,Karakalpak,Cyrl,Cyrillic
kaa-x-bible-latin.txt,kaa,Karakalpak,Cyrl,Cyrillic
kaa-x-bible.txt,kaa,Karakalpak,Cyrl,Cyrillic
kab-x-bible.txt,kab,Kabyle,Latn,Latin
kac-x-bible-common.txt,kac,Jingpho,Latn,Latin
kac-x-bible-hanson.txt,kac,Jingpho,Latn,Latin
kal-x-bible.txt,kal,Greenlandic,Latn,Latin
kan-x-bible-latin.txt,kan,Kannada,Latn,Latin
kan-x-bible-newworld.txt,kan,Kannada,Knda,Kannada
kan-x-bible.txt,kan,Kannada,Knda,Kannada
kao-x-bible.txt,kao,Xaasongaxango,Latn,Latin
kap-x-bible.txt,kap,Bezhta,Cyrl,Cyrillic
kaq-x-bible.txt,kaq,Capanahua,Latn,Latin
kat-x-bible-revised.txt,kat,Georgian,Geor,Georgian (Mkhedruli and Mtavruli)
kat-x-bible.txt,kat,Georgian,Geor,Georgian (Mkhedruli and Mtavruli)
kaz-x-bible-newworld1984.txt,kaz,Kazakh,Cyrl,Cyrillic
kaz-x-bible.txt,kaz,Kazakh,Cyrl,Cyrillic
kbc-x-bible.txt,kbc,Kadiwéu,Latn,Latin
kbd-x-bible.txt,kbd,Kabardian,Cyrl,Cyrillic
kbh-x-bible.txt,kbh,Camsá,Latn,Latin
kbm-x-bible.txt,kbm,Iwal,Latn,Latin
kbp-x-bible.txt,kbp,Kabiyè,Latn,Latin
kbq-x-bible.txt,kbq,Kamano,Latn,Latin
kbr-x-bible.txt,kbr,Kafa,Latn,Latin
kck-x-bible.txt,kck,Kalanga,Latn,Latin
kdc-x-bible.txt,kdc,Kutu,Latn,Latin
kde-x-bible.txt,kde,Makonde,Latn,Latin
kdh-x-bible.txt,kdh,Tem,Latn,Latin
kdi-x-bible.txt,kdi,Kumam,Latn,Latin
kdj-x-bible.txt,kdj,Karamojong,Latn,Latin
kdl-x-bible.txt,kdl,Tsikimba,Latn,Latin
kek-x-bible-1988.txt,kek,Kekchí,Latn,Latin
kek-x-bible-2005.txt,kek,Kekchí,Latn,Latin
ken-x-bible.txt,ken,Kenyang,Latn,Latin
kew-x-bible.txt,kew,West Kewa,Latn,Latin
kez-x-bible.txt,kez,Kukele,Latn,Latin
kff-x-bible.txt,kff,Koya,Telu,Telugu
kgf-x-bible.txt,kgf,Kube,Latn,Latin
kgk-x-bible.txt,kgk,Kaiwá,Latn,Latin
kgp-x-bible.txt,kgp,Kaingang,Latn,Latin
khk-x-bible.txt,khk,Halh Mongolian,Latn,Latin
khm-x-bible-2011.txt,khm,Central Khmer,Khmr,Khmer
khm-x-bible-newworld.txt,khm,Central Khmer,Khmr,Khmer
khm-x-bible-standard2005.txt,khm,Central Khmer,Khmr,Khmer
khs-x-bible.txt,khs,Kasua,Latn,Latin
khy-x-bible.txt,khy,Kele (Democratic Republic of Congo),Latn,Latin
khz-x-bible.txt,khz,Keapara,Latn,Latin
kia-x-bible.txt,kia,Kim,Latn,Latin
kik-x-bible-2007.txt,kik,Gikuyu,Latn,Latin
kik-x-bible-newworld.txt,kik,Gikuyu,Latn,Latin
kin-x-bible-2001.txt,kin,Kinyarwanda,Latn,Latin
kin-x-bible-2004.txt,kin,Kinyarwanda,Latn,Latin
kin-x-bible-2012.txt,kin,Kinyarwanda,Latn,Latin
kin-x-bible-newworld.txt,kin,Kinyarwanda,Latn,Latin
kir-x-bible-2005.txt,kir,Kirghiz,Cyrl,Cyrillic
kir-x-bible-newworld.txt,kir,Kirghiz,Cyrl,Cyrillic
kir-x-bible-rayofhope.txt,kir,Kirghiz,Cyrl,Cyrillic
kix-x-bible.txt,kix,Khiamniungan Naga,Latn,Latin
kjb-x-bible.txt,kjb,Kanjobal,Latn,Latin
kje-x-bible.txt,kje,Kisar,Latn,Latin
kjh-x-bible.txt,kjh,Khakas,Cyrl,Cyrillic
kjs-x-bible.txt,kjs,East Kewa,Latn,Latin
kkc-x-bible.txt,kkc,Odoodee,Latn,Latin
kki-x-bible.txt,kki,Kagulu,Latn,Latin
kkj-x-bible.txt,kkj,Kako,Latn,Latin
kkl-x-bible.txt,kkl,Kosarek Yale,Latn,Latin
klt-x-bible.txt,klt,Nukna,Latn,Latin
klv-x-bible.txt,klv,Maskelynes,Latn,Latin
kma-x-bible.txt,kma,Konni,Latn,Latin
kmg-x-bible.txt,kmg,Kâte,Latn,Latin
kmh-x-bible-kalam.txt,kmh,Kalam,Latn,Latin
kmh-x-bible-minimib.txt,kmh,Kalam,Latn,Latin
kmk-x-bible.txt,kmk,Limos Kalinga,Latn,Latin
kmm-x-bible.txt,kmm,Kom (India),Latn,Latin
kmo-x-bible.txt,kmo,Kwoma,Latn,Latin
kmr-x-bible.txt,kmr,Northern Kurdish,Latn,Latin
kms-x-bible.txt,kms,Kamasau,Latn,Latin
kmu-x-bible.txt,kmu,Kanite,Latn,Latin
kne-x-bible.txt,kne,Kankanaey,Latn,Latin
knf-x-bible.txt,knf,Mankanya,Latn,Latin
kng-x-bible.txt,kng,Koongo,Latn,Latin
knj-x-bible.txt,knj,Western Kanjobal,Latn,Latin
knk-x-bible.txt,knk,Kuranko,Latn,Latin
kno-x-bible.txt,kno,Kono (Sierra Leone),Latn,Latin
knv-x-bible-aramia.txt,knv,Tabo,Latn,Latin
knv-x-bible-fly.txt,knv,Tabo,Latn,Latin
kog-x-bible.txt,kog,Cogui,Latn,Latin
kor-x-bible-1985.txt,kor,Korean,Kore,Korean Characters
kor-x-bible-latinscript.txt,kor,Korean,Latn,Latin
kor-x-bible-new.txt,kor,Korean,Kore,Korean Characters
kor-x-bible-newworld1999.txt,kor,Korean,Kore,Korean Characters
kor-x-bible-newworld2014.txt,kor,Korean,Kore,Korean Characters
kor-x-bible-revised.txt,kor,Korean,Kore,Korean Characters
kos-x-bible.txt,kos,Kosraean,Latn,Latin
kpf-x-bible.txt,kpf,Komba,Latn,Latin
kpg-x-bible.txt,kpg,Kapingamarangi,Latn,Latin
kpj-x-bible.txt,kpj,Karajá,Latn,Latin
kpr-x-bible.txt,kpr,Korafe-Yegha,Latn,Latin
kpv-x-bible.txt,kpv,Komi-Zyrian,Cyrl,Cyrillic
kpw-x-bible.txt,kpw,Kobon,Latn,Latin
kpx-x-bible.txt,kpx,Mountain Koiali,Latn,Latin
kpz-x-bible.txt,kpz,Kupsabiny,Latn,Latin
kqc-x-bible.txt,kqc,Doromu-Koki,Latn,Latin
kqe-x-bible.txt,kqe,Kalagan,Latn,Latin
kqf-x-bible.txt,kqf,Kakabai,Latn,Latin
kqo-x-bible.txt,kqo,Eastern Krahn,Latn,Latin
kqp-x-bible.txt,kqp,Kimré,Latn,Latin
kqs-x-bible.txt,kqs,Northern Kissi,Latn,Latin
kqw-x-bible.txt,kqw,Kandas,Latn,Latin
kqy-x-bible.txt,kqy,Koorete,Ethi,Ethiopic (Geʻez)
krc-x-bible.txt,krc,Karachay-Balkar,Cyrl,Cyrillic
kri-x-bible.txt,kri,Krio,Latn,Latin
krj-x-bible.txt,krj,Kinaray-A,Latn,Latin
ksc-x-bible.txt,ksc,Southern Kalinga,Latn,Latin
ksd-x-bible.txt,ksd,Kuanua,Latn,Latin
ksf-x-bible.txt,ksf,Bafia,Latn,Latin
ksp-x-bible.txt,ksp,Kaba,Latn,Latin
ksr-x-bible.txt,ksr,Borong,Latn,Latin
kss-x-bible.txt,kss,Southern Kisi,Latn,Latin
ksw-x-bible.txt,ksw,S'gaw Karen,Mymr,Myanmar (Burmese)
ktb-x-bible.txt,ktb,Kambaata,Ethi,Ethiopic (Geʻez)
ktj-x-bible.txt,ktj,Plapo Krumen,Latn,Latin
ktm-x-bible.txt,ktm,Kurti,Latn,Latin
kto-x-bible.txt,kto,Kuot,Latn,Latin
ktu-x-bible.txt,ktu,Kituba (Democratic Republic of Congo),Latn,Latin
kua-x-bible.txt,kua,Kuanyama,Latn,Latin
kub-x-bible.txt,kub,Kutep,Latn,Latin
kud-x-bible.txt,kud,'Auhelawa,Latn,Latin
kue-x-bible.txt,kue,Kuman (Papua New Guinea),Latn,Latin
kum-x-bible.txt,kum,Kumyk,Cyrl,Cyrillic
kup-x-bible.txt,kup,Kunimaipa,Latn,Latin
kus-x-bible.txt,kus,Kusaal,Latn,Latin
kvj-x-bible.txt,kvj,Psikye,Latn,Latin
kvn-x-bible.txt,kvn,Border Kuna,Latn,Latin
kwd-x-bible.txt,kwd,Kwaio,Latn,Latin
kwf-x-bible.txt,kwf,Kwara'ae,Latn,Latin
kwi-x-bible.txt,kwi,Awa-Cuaiquer,Latn,Latin
kwj-x-bible.txt,kwj,Kwanga,Latn,Latin
kxc-x-bible.txt,kxc,Khonso,Ethi,Ethiopic (Geʻez)
kxm-x-bible.txt,kxm,Northern Khmer,Thai,Thai
kxw-x-bible.txt,kxw,Konai,Latn,Latin
kyc-x-bible.txt,kyc,Kyaka,Latn,Latin
kyf-x-bible.txt,kyf,Kouya,Latn,Latin
kyg-x-bible.txt,kyg,Keyagana,Latn,Latin
kyq-x-bible.txt,kyq,Kenga,Latn,Latin
kyu-x-bible.txt,kyu,Western Kayah,Kali,Kayah Li
kyz-x-bible.txt,kyz,Kayabí,Latn,Latin
kze-x-bible.txt,kze,Kosena,Latn,Latin
kzf-x-bible.txt,kzf,Da'a Kaili,Latn,Latin
lac-x-bible.txt,lac,Lacandon,Latn,Latin
lai-x-bible.txt,lai,Lambya,Latn,Latin
laj-x-bible.txt,laj,Lango (Uganda),Latn,Latin
lam-x-bible.txt,lam,Lamba,Latn,Latin
lao-x-bible.txt,lao,Lao,Laoo,Lao
las-x-bible.txt,las,Lama (Togo),Latn,Latin
lat-x-bible-novavulgata.txt,lat,Latin,Latn,Latin
lat-x-bible-vulgataclementina.txt,lat,Latin,Latn,Latin
lav-x-bible-1997.txt,lav,Latvian,Latn,Latin
lav-x-bible-jaunaderiba.txt,lav,Latvian,Latn,Latin
lav-x-bible.txt,lav,Latvian,Latn,Latin
lbb-x-bible.txt,lbb,Label,Latn,Latin
lbj-x-bible.txt,lbj,Ladakhi,Tibt,Tibetan
lbk-x-bible.txt,lbk,Central Bontok,Latn,Latin
lcm-x-bible.txt,lcm,Tungag,Latn,Latin
ldi-x-bible.txt,ldi,Laari,Latn,Latin
lee-x-bible.txt,lee,Lyélé,Latn,Latin
lef-x-bible.txt,lef,Lelemi,Latn,Latin
leh-x-bible.txt,leh,Lenje,Latn,Latin
lem-x-bible.txt,lem,Nomaande,Latn,Latin
leu-x-bible.txt,leu,Kara (Papua New Guinea),Latn,Latin
lew-x-bible.txt,lew,Ledo Kaili,Latn,Latin
lex-x-bible.txt,lex,Luang,Latn,Latin
lgm-x-bible.txt,lgm,Lega-Mwenga,Latn,Latin
lhi-x-bible.txt,lhi,Lahu Shi,Latn,Latin
lhm-x-bible.txt,lhm,Lhomi,Latn,Latin
lhu-x-bible.txt,lhu,Lahu,Latn,Latin
lia-x-bible.txt,lia,West-Central Limba,Latn,Latin
lid-x-bible.txt,lid,Nyindrou,Latn,Latin
lif-x-bible-2009.txt,lif,Limbu,Limb,Limbu
lif-x-bible-devanagari.txt,lif,Limbu,Deva,Devanagari (Nagari)
lin-x-bible-newworld.txt,lin,Lingala,Latn,Latin
lip-x-bible.txt,lip,Sekpele,Latn,Latin
lit-x-bible-ecumenical.txt,lit,Lithuanian,Latn,Latin
lit-x-bible-tikejimozodis.txt,lit,Lithuanian,Latn,Latin
ljp-x-bible.txt,ljp,Lampung Api,Latn,Latin
lmk-x-bible.txt,lmk,Lamkang,Latn,Latin
lmp-x-bible.txt,lmp,Limbum,Latn,Latin
lob-x-bible.txt,lob,Lobi,Latn,Latin
lol-x-bible.txt,lol,Mongo,Latn,Latin
lom-x-bible.txt,lom,Loma (Liberia),Latn,Latin
loq-x-bible.txt,loq,Lobala,Latn,Latin
loz-x-bible.txt,loz,Lozi,Latn,Latin
lsi-x-bible.txt,lsi,Lashi,Latn,Latin
lsm-x-bible.txt,lsm,Olusamia,Latn,Latin
lug-x-bible-contemporary.txt,lug,Ganda,Latn,Latin
lug-x-bible-revised.txt,lug,Ganda,Latn,Latin
luo-x-bible.txt,luo,Dholuo,Latn,Latin
lus-x-bible.txt,lus,Lushai,Latn,Latin
lwo-x-bible.txt,lwo,Luwo,Latn,Latin
lww-x-bible.txt,lww,Lewo,Latn,Latin
lzh-x-bible-wenli-easy.txt,lzh,Literary Chinese,Hani,"Han (Hanzi, Kanji, Hanja)"
lzh-x-bible-wenli-high.txt,lzh,Literary Chinese,Hani,"Han (Hanzi, Kanji, Hanja)"
maa-x-bible-sanantonio.txt,maa,San Jerónimo Tecóatl Mazatec,Latn,Latin
maa-x-bible-sanjeronimo.txt,maa,San Jerónimo Tecóatl Mazatec,Latn,Latin
maa-x-bible-tecoatl.txt,maa,San Jerónimo Tecóatl Mazatec,Latn,Latin
mad-x-bible.txt,mad,Madurese,Latn,Latin
maf-x-bible.txt,maf,Mafa,Latn,Latin
mah-x-bible.txt,mah,Marshallese,Latn,Latin
mai-x-bible.txt,mai,Maithili,Deva,Devanagari (Nagari)
maj-x-bible.txt,maj,Jalapa De Díaz Mazatec,Latn,Latin
mak-x-bible.txt,mak,Makasar,Latn,Latin
mal-x-bible.txt,mal,Malayalam,Latn,Latin
mam-x-bible-central.txt,mam,Mam,Latn,Latin
mam-x-bible-northern.txt,mam,Mam,Latn,Latin
mam-x-bible-southern.txt,mam,Mam,Latn,Latin
mam-x-bible-todossantos.txt,mam,Mam,Latn,Latin
maq-x-bible.txt,maq,Chiquihuitlán Mazatec,Latn,Latin
mar-x-bible.txt,mar,Marathi,Deva,Devanagari (Nagari)
mau-x-bible.txt,mau,Huautla Mazatec,Latn,Latin
mav-x-bible.txt,mav,Sateré-Mawé,Latn,Latin
maw-x-bible.txt,maw,Mampruli,Latn,Latin
maz-x-bible.txt,maz,Central Mazahua,Latn,Latin
mbb-x-bible.txt,mbb,Western Bukidnon Manobo,Latn,Latin
mbc-x-bible.txt,mbc,Macushi,Latn,Latin
mbd-x-bible.txt,mbd,Dibabawon Manobo,Latn,Latin
mbf-x-bible.txt,mbf,Baba Malay,Latn,Latin
mbh-x-bible.txt,mbh,Mangseng,Latn,Latin
mbi-x-bible.txt,mbi,Ilianen Manobo,Latn,Latin
mbj-x-bible.txt,mbj,Nadëb,Latn,Latin
mbl-x-bible.txt,mbl,Maxakalí,Latn,Latin
mbs-x-bible.txt,mbs,Sarangani Manobo,Latn,Latin
mbt-x-bible.txt,mbt,Matigsalug Manobo,Latn,Latin
mca-x-bible.txt,mca,Maca,Latn,Latin
mcb-x-bible.txt,mcb,Machiguenga,Latn,Latin
mcd-x-bible.txt,mcd,Sharanahua,Latn,Latin
mcf-x-bible.txt,mcf,Matsés,Latn,Latin
mck-x-bible.txt,mck,Mbunda,Latn,Latin
mcn-x-bible.txt,mcn,Masana,Latn,Latin
mco-x-bible.txt,mco,Coatlán Mixe,Latn,Latin
mcp-x-bible.txt,mcp,Makaa,Latn,Latin
mcq-x-bible.txt,mcq,Ese,Latn,Latin
mcu-x-bible.txt,mcu,Cameroon Mambila,Latn,Latin
mda-x-bible.txt,mda,Mada (Nigeria),Latn,Latin
mdy-x-bible.txt,mdy,Male (Ethiopia),Ethi,Ethiopic (Geʻez)
med-x-bible.txt,med,Melpa,Latn,Latin
mee-x-bible.txt,mee,Mengen,Latn,Latin
mej-x-bible.txt,mej,Meyah,Latn,Latin
mek-x-bible.txt,mek,Mekeo,Latn,Latin
men-x-bible.txt,men,Mende (Sierra Leone),Latn,Latin
meq-x-bible.txt,meq,Merey,Latn,Latin
meu-x-bible.txt,meu,Motu,Latn,Latin
mfe-x-bible.txt,mfe,Morisyen,Latn,Latin
mfh-x-bible.txt,mfh,Matal,Latn,Latin
mfi-x-bible.txt,mfi,Wandala,Latn,Latin
mfk-x-bible.txt,mfk,North Mofu,Latn,Latin
mfq-x-bible.txt,mfq,Moba,Latn,Latin
mfy-x-bible.txt,mfy,Mayo,Latn,Latin
mfz-x-bible.txt,mfz,Mabaan,Latn,Latin
mgc-x-bible.txt,mgc,Morokodo,Latn,Latin
mgh-x-bible.txt,mgh,Makhuwa-Meetto,Latn,Latin
mhi-x-bible.txt,mhi,Ma'di,Latn,Latin
mhl-x-bible.txt,mhl,Mauwake,Latn,Latin
mhr-x-bible.txt,mhr,Eastern Mari,Cyrl,Cyrillic
mhx-x-bible.txt,mhx,Lhaovo,Latn,Latin
mhy-x-bible.txt,mhy,Ma'anyan,Latn,Latin
mib-x-bible.txt,mib,Atatláhuca Mixtec,Latn,Latin
mic-x-bible.txt,mic,Micmac,Latn,Latin
mie-x-bible.txt,mie,Ocotepec Mixtec,Latn,Latin
mif-x-bible.txt,mif,Mofu-Gudur,Latn,Latin
mig-x-bible.txt,mig,San Miguel El Grande Mixtec,Latn,Latin
mih-x-bible.txt,mih,Chayuco Mixtec,Latn,Latin
mil-x-bible.txt,mil,Peñoles Mixtec,Latn,Latin
min-x-bible.txt,min,Minangkabau,Latn,Latin
mio-x-bible.txt,mio,Pinotepa Nacional Mixtec,Latn,Latin
miq-x-bible.txt,miq,Mískito,Latn,Latin
mir-x-bible.txt,mir,Isthmus Mixe,Latn,Latin
mit-x-bible.txt,mit,Southern Puebla Mixtec,Latn,Latin
miy-x-bible.txt,miy,Ayutla Mixtec,Latn,Latin
miz-x-bible.txt,miz,Coatzospan Mixtec,Latn,Latin
mjc-x-bible.txt,mjc,San Juan Colorado Mixtec,Latn,Latin
mjw-x-bible.txt,mjw,Karbi,Latn,Latin
mkd-x-bible-2004.txt,mkd,Macedonian,Cyrl,Cyrillic
mkd-x-bible-dynamic.txt,mkd,Macedonian,Cyrl,Cyrillic
mkl-x-bible.txt,mkl,Mokole,Latn,Latin
mkn-x-bible.txt,mkn,Kupang Malay,Latn,Latin
mks-x-bible.txt,mks,Silacayoapan Mixtec,Latn,Latin
mlh-x-bible.txt,mlh,Mape,Latn,Latin
mlp-x-bible.txt,mlp,Bargam,Latn,Latin
mlt-x-bible-newworld.txt,mlt,Maltese,Latn,Latin
mlt-x-bible.txt,mlt,Maltese,Latn,Latin
mmn-x-bible.txt,mmn,Mamanwa,Latn,Latin
mmo-x-bible.txt,mmo,Mangga Buang,Latn,Latin
mmx-x-bible.txt,mmx,Madak,Latn,Latin
mna-x-bible.txt,mna,Mbula,Latn,Latin
mnb-x-bible.txt,mnb,Muna,Latn,Latin
mnf-x-bible.txt,mnf,Mundani,Latn,Latin
mnh-x-bible.txt,mnh,Mono (Democratic Republic of Congo),Latn,Latin
mnk-x-bible.txt,mnk,Mandinka,Latn,Latin
mnx-x-bible.txt,mnx,Manikion,Latn,Latin
moc-x-bible.txt,moc,Mocoví,Latn,Latin
mog-x-bible.txt,mog,Mongondow,Latn,Latin
moh-x-bible.txt,moh,Mohawk,Latn,Latin
mop-x-bible.txt,mop,Mopán Maya,Latn,Latin
mor-x-bible.txt,mor,Moro,Latn,Latin
mos-x-bible-catholic.txt,mos,Mossi,Latn,Latin
mos-x-bible-protestant.txt,mos,Mossi,Latn,Latin
mox-x-bible.txt,mox,Molima,Latn,Latin
mpg-x-bible.txt,mpg,Marba,Latn,Latin
mph-x-bible.txt,mph,Maung,Latn,Latin
mpm-x-bible.txt,mpm,Yosondúa Mixtec,Latn,Latin
mpp-x-bible.txt,mpp,Migabac,Latn,Latin
mps-x-bible.txt,mps,Dadibi,Latn,Latin
mpt-x-bible.txt,mpt,Mian,Latn,Latin
mpx-x-bible.txt,mpx,Misima-Panaeati,Latn,Latin
mqb-x-bible.txt,mqb,Mbuko,Latn,Latin
mqj-x-bible.txt,mqj,Mamasa,Latn,Latin
mqy-x-bible.txt,mqy,Manggarai,Latn,Latin
mrg-x-bible.txt,mrg,Mising,Latn,Latin
mri-x-bible.txt,mri,Maori,Latn,Latin
mrw-x-bible.txt,mrw,Maranao,Latn,Latin
msa-x-bible-klinkert.txt,msa,Malay (macrolanguage),Latn,Latin
msa-x-bible-leydekker.txt,msa,Malay (macrolanguage),Latn,Latin
msa-x-bible-shellabear.txt,msa,Malay (macrolanguage),Latn,Latin
msb-x-bible.txt,msb,Masbatenyo,Latn,Latin
msc-x-bible.txt,msc,Sankaran Maninka,Latn,Latin
mse-x-bible.txt,mse,Musey,Latn,Latin
msk-x-bible.txt,msk,Mansaka,Latn,Latin
msm-x-bible.txt,msm,Agusan Manobo,Latn,Latin
msy-x-bible.txt,msy,Aruamu,Latn,Latin
mta-x-bible.txt,mta,Cotabato Manobo,Latn,Latin
mtg-x-bible.txt,mtg,Una,Latn,Latin
mti-x-bible.txt,mti,Maiwa (Papua New Guinea),Latn,Latin
mtj-x-bible.txt,mtj,Moskona,Latn,Latin
mto-x-bible.txt,mto,Totontepec Mixe,Latn,Latin
mtp-x-bible.txt,mtp,Wichí Lhamtés Nocten,Latn,Latin
mua-x-bible.txt,mua,Mundang,Latn,Latin
muh-x-bible.txt,muh,Mündü,Latn,Latin
mur-x-bible.txt,mur,Murle,Latn,Latin
mux-x-bible.txt,mux,Bo-Ung,Latn,Latin
muy-x-bible.txt,muy,Muyang,Latn,Latin
mva-x-bible.txt,mva,Manam,Latn,Latin
mvn-x-bible.txt,mvn,Minaveha,Latn,Latin
mvp-x-bible.txt,mvp,Duri,Latn,Latin
mwc-x-bible.txt,mwc,Are,Latn,Latin
mwf-x-bible.txt,mwf,Murrinh-Patha,Latn,Latin
mwm-x-bible.txt,mwm,Sar,Latn,Latin
mwp-x-bible.txt,mwp,Kala Lagaw Ya,Latn,Latin
mwq-x-bible.txt,mwq,Mün Chin,Latn,Latin
mwv-x-bible.txt,mwv,Mentawai,Latn,Latin
mww-x-bible.txt,mww,Hmong Daw,Latn,Latin
mxb-x-bible.txt,mxb,Tezoatlán Mixtec,Latn,Latin
mxp-x-bible.txt,mxp,Tlahuitoltepec Mixe,Latn,Latin
mxq-x-bible.txt,mxq,Juquila Mixe,Latn,Latin
mxt-x-bible.txt,mxt,Jamiltepec Mixtec,Latn,Latin
mya-x-bible-1835.txt,mya,Burmese,Mymr,Myanmar (Burmese)
mya-x-bible-common.txt,mya,Burmese,Mymr,Myanmar (Burmese)
mya-x-bible-newworld.txt,mya,Burmese,Mymr,Myanmar (Burmese)
myb-x-bible.txt,myb,Mbay,Latn,Latin
myk-x-bible.txt,myk,Mamara Senoufo,Latn,Latin
myu-x-bible.txt,myu,Mundurukú,Latn,Latin
myv-x-bible.txt,myv,Erzya,Cyrl,Cyrillic
myw-x-bible.txt,myw,Muyuw,Latn,Latin
myx-x-bible.txt,myx,Masaaba,Latn,Latin
myy-x-bible.txt,myy,Macuna,Latn,Latin
mza-x-bible.txt,mza,Santa María Zacatepec Mixtec,Latn,Latin
mzh-x-bible.txt,mzh,Wichí Lhamtés Güisnay,Latn,Latin
mzk-x-bible.txt,mzk,Nigeria Mambila,Latn,Latin
mzl-x-bible.txt,mzl,Mazatlán Mixe,Latn,Latin
mzm-x-bible.txt,mzm,Mumuye,Latn,Latin
mzw-x-bible.txt,mzw,Deg,Latn,Latin
mzz-x-bible.txt,mzz,Maiadomu,Latn,Latin
nab-x-bible.txt,nab,Southern Nambikuára,Latn,Latin
naf-x-bible.txt,naf,Nabak,Latn,Latin
nak-x-bible.txt,nak,Nakanai,Latn,Latin
nan-x-bible.txt,nan,Min Nan Chinese,Latn,Latin
naq-x-bible.txt,naq,Khoekhoe,Latn,Latin
nas-x-bible.txt,nas,Naasioi,Latn,Latin
nav-x-bible.txt,nav,Navaho,Latn,Latin
nbc-x-bible.txt,nbc,Chang Naga,Latn,Latin
nbe-x-bible.txt,nbe,Konyak Naga,Latn,Latin
nbl-x-bible.txt,nbl,South Ndebele,Latn,Latin
nbq-x-bible.txt,nbq,Nggem,Latn,Latin
nca-x-bible.txt,nca,Iyo,Latn,Latin
nch-x-bible.txt,nch,Central Huasteca Nahuatl,Latn,Latin
ncj-x-bible.txt,ncj,Northern Puebla Nahuatl,Latn,Latin
ncl-x-bible.txt,ncl,Michoacán Nahuatl,Latn,Latin
nct-x-bible.txt,nct,Chothe Naga,Latn,Latin
ncu-x-bible.txt,ncu,Chumburung,Latn,Latin
ndc-x-bible.txt,ndc,Ndau,Latn,Latin
nde-x-bible.txt,nde,North Ndebele,Latn,Latin
ndi-x-bible.txt,ndi,Samba Leko,Latn,Latin
ndj-x-bible.txt,ndj,Ndamba,Latn,Latin
ndo-x-bible.txt,ndo,Ndonga,Latn,Latin
ndp-x-bible.txt,ndp,Ndo,Latn,Latin
nds-x-bible.txt,nds,Low German,Latn,Latin
ndz-x-bible.txt,ndz,Ndogo,Latn,Latin
neb-x-bible.txt,neb,Toura (Côte d'Ivoire),Latn,Latin
nep-x-bible-revised.txt,nep,Nepali (macrolanguage),Deva,Devanagari (Nagari)
nep-x-bible-simple.txt,nep,Nepali (macrolanguage),Deva,Devanagari (Nagari)
nfa-x-bible.txt,nfa,Dhao,Latn,Latin
nfr-x-bible.txt,nfr,Nafaanra,Latn,Latin
ngc-x-bible.txt,ngc,Ngombe (Democratic Republic of Congo),Latn,Latin
ngp-x-bible.txt,ngp,Ngulu,Latn,Latin
ngu-x-bible.txt,ngu,Guerrero Nahuatl,Latn,Latin
nhd-x-bible-1913.txt,nhd,Ava Guaraní,Latn,Latin
nhd-x-bible-2006.txt,nhd,Ava Guaraní,Latn,Latin
nhe-x-bible.txt,nhe,Eastern Huasteca Nahuatl,Latn,Latin
nhg-x-bible.txt,nhg,Tetelcingo Nahuatl,Latn,Latin
nhi-x-bible.txt,nhi,Zacatlán-Ahuacatlán-Tepetzintla Nahuatl,Latn,Latin
nho-x-bible.txt,nho,Takuu,Latn,Latin
nhr-x-bible.txt,nhr,Naro,Latn,Latin
nhu-x-bible.txt,nhu,Noone,Latn,Latin
nhw-x-bible.txt,nhw,Western Huasteca Nahuatl,Latn,Latin
nhx-x-bible-revised.txt,nhx,Isthmus-Mecayapan Nahuatl,Latn,Latin
nhx-x-bible.txt,nhx,Isthmus-Mecayapan Nahuatl,Latn,Latin
nhy-x-bible.txt,nhy,Northern Oaxaca Nahuatl,Latn,Latin
nia-x-bible.txt,nia,Nias,Latn,Latin
nif-x-bible.txt,nif,Nek,Latn,Latin
nii-x-bible.txt,nii,Nii,Latn,Latin
nij-x-bible.txt,nij,Ngaju,Latn,Latin
nim-x-bible.txt,nim,Nilamba,Latn,Latin
nin-x-bible.txt,nin,Ninzo,Latn,Latin
niq-x-bible.txt,niq,Nandi,Latn,Latin
niy-x-bible.txt,niy,Ngiti,Latn,Latin
njb-x-bible.txt,njb,Nocte Naga,Latn,Latin
njm-x-bible.txt,njm,Angami Naga,Latn,Latin
njn-x-bible.txt,njn,Liangmai Naga,Latn,Latin
njo-x-bible.txt,njo,Ao Naga,Latn,Latin
njz-x-bible.txt,njz,Nyishi,Latn,Latin
nko-x-bible.txt,nko,Nkonya,Latn,Latin
nlc-x-bible.txt,nlc,Nalca,Latn,Latin
nld-x-bible-1951.txt,nld,Dutch,Latn,Latin
nld-x-bible-2004.txt,nld,Dutch,Latn,Latin
nld-x-bible-2007.txt,nld,Dutch,Latn,Latin
nld-x-bible-newworld.txt,nld,Dutch,Latn,Latin
nld-x-bible-statenvertaling.txt,nld,Dutch,Latn,Latin
nma-x-bible.txt,nma,Maram Naga,Latn,Latin
nmf-x-bible.txt,nmf,Tangkhul Naga (India),Latn,Latin
nmo-x-bible.txt,nmo,Moyon Naga,Latn,Latin
nmw-x-bible.txt,nmw,Nimoa,Latn,Latin
nmz-x-bible.txt,nmz,Nawdm,Latn,Latin
nnb-x-bible.txt,nnb,Nande,Latn,Latin
nng-x-bible.txt,nng,Maring Naga,Latn,Latin
nnh-x-bible.txt,nnh,Ngiemboon,Latn,Latin
nno-x-bible-1978.txt,nno,Norwegian Nynorsk,Latn,Latin
nno-x-bible-2011.txt,nno,Norwegian Nynorsk,Latn,Latin
nno-x-bible-student.txt,nno,Norwegian Nynorsk,Latn,Latin
nnp-x-bible.txt,nnp,Wancho Naga,Latn,Latin
nnq-x-bible.txt,nnq,Ngindo,Latn,Latin
nnw-x-bible.txt,nnw,Southern Nuni,Latn,Latin
noa-x-bible-1988.txt,noa,Woun Meu,Latn,Latin
noa-x-bible-2011.txt,noa,Woun Meu,Latn,Latin
nob-x-bible-1930.txt,nob,Norwegian Bokmål,Latn,Latin
nob-x-bible-1985.txt,nob,Norwegian Bokmål,Latn,Latin
nob-x-bible-1988.txt,nob,Norwegian Bokmål,Latn,Latin
nob-x-bible-2007.txt,nob,Norwegian Bokmål,Latn,Latin
nob-x-bible-2011.txt,nob,Norwegian Bokmål,Latn,Latin
nob-x-bible-newworld.txt,nob,Norwegian Bokmål,Latn,Latin
nog-x-bible.txt,nog,Nogai,Cyrl,Cyrillic
nop-x-bible.txt,nop,Numanggang,Latn,Latin
not-x-bible.txt,not,Nomatsiguenga,Latn,Latin
nou-x-bible.txt,nou,Ewage-Notu,Latn,Latin
nph-x-bible.txt,nph,Phom Naga,Latn,Latin
npi-x-bible-newworld.txt,npi,Nepali (individual language),Deva,Devanagari (Nagari)
npi-x-bible.txt,npi,Nepali (individual language),Deva,Devanagari (Nagari)
npl-x-bible-unidentified.txt,npl,Southeastern Puebla Nahuatl,Latn,Latin
npl-x-bible.txt,npl,Southeastern Puebla Nahuatl,Latn,Latin
npo-x-bible.txt,npo,Pochuri Naga,Latn,Latin
npy-x-bible.txt,npy,Napu,Latn,Latin
nsn-x-bible.txt,nsn,Nehan,Latn,Latin
nso-x-bible-2000.txt,nso,Northern Sotho,Latn,Latin
nso-x-bible-neworthography.txt,nso,Northern Sotho,Latn,Latin
nso-x-bible-newworld.txt,nso,Northern Sotho,Latn,Latin
nss-x-bible.txt,nss,Nali,Latn,Latin
ntp-x-bible.txt,ntp,Northern Tepehuan,Latn,Latin
ntr-x-bible.txt,ntr,Delo,Latn,Latin
nus-x-bible.txt,nus,Nuer,Latn,Latin
nuy-x-bible.txt,nuy,Nunggubuyu,Latn,Latin
nvm-x-bible.txt,nvm,Namiae,Latn,Latin
nwb-x-bible.txt,nwb,Nyabwa,Latn,Latin
nwi-x-bible.txt,nwi,Southwest Tanna,Latn,Latin
nya-x-bible-loyera.txt,nya,Chewa,Latn,Latin
nya-x-bible-newworld.txt,nya,Chewa,Latn,Latin
nya-x-bible.txt,nya,Chewa,Latn,Latin
nyf-x-bible.txt,nyf,Giryama,Latn,Latin
nyn-x-bible.txt,nyn,Nyankole,Latn,Latin
nyo-x-bible.txt,nyo,Nyoro,Latn,Latin
nyu-x-bible.txt,nyu,Nyungwe,Latn,Latin
nyy-x-bible.txt,nyy,Nyakyusa-Ngonde,Latn,Latin
obo-x-bible.txt,obo,Obo Manobo,Latn,Latin
oji-x-bible.txt,oji,Ojibwa,Latn,Latin
ojs-x-bible.txt,ojs,Severn Ojibwa,Cans,Unified Canadian Aboriginal Syllabics
okv-x-bible.txt,okv,Orokaiva,Latn,Latin
old-x-bible.txt,old,Mochi,Latn,Latin
omw-x-bible-aatasara.txt,omw,South Tairora,Latn,Latin
omw-x-bible.txt,omw,South Tairora,Latn,Latin
ong-x-bible.txt,ong,Olo,Latn,Latin
ons-x-bible.txt,ons,Ono,Latn,Latin
ood-x-bible.txt,ood,Tohono O'odham,Latn,Latin
opm-x-bible.txt,opm,Oksapmin,Latn,Latin
ory-x-bible.txt,ory,Odia,Orya,Oriya (Odia)
oss-x-bible-newworld.txt,oss,Ossetian,Cyrl,Cyrillic
oss-x-bible.txt,oss,Ossetian,Cyrl,Cyrillic
ote-x-bible.txt,ote,Mezquital Otomi,Latn,Latin
otm-x-bible.txt,otm,Eastern Highland Otomi,Latn,Latin
otn-x-bible.txt,otn,Tenango Otomi,Latn,Latin
otq-x-bible.txt,otq,Querétaro Otomi,Latn,Latin
ots-x-bible.txt,ots,Estado de México Otomi,Latn,Latin
ozm-x-bible.txt,ozm,Koonzime,Latn,Latin
pab-x-bible.txt,pab,Parecís,Latn,Latin
pad-x-bible.txt,pad,Paumarí,Latn,Latin
pag-x-bible-newworld.txt,pag,Pangasinan,Latn,Latin
pag-x-bible.txt,pag,Pangasinan,Latn,Latin
pah-x-bible.txt,pah,Tenharim,Latn,Latin
pam-x-bible.txt,pam,Kapampangan,Latn,Latin
pan-x-bible-newworld.txt,pan,Panjabi,Guru,Gurmukhi
pan-x-bible.txt,pan,Panjabi,Guru,Gurmukhi
pao-x-bible.txt,pao,Northern Paiute,Latn,Latin
pap-x-bible-newworld.txt,pap,Papiamento,Latn,Latin
pbb-x-bible.txt,pbb,Páez,Latn,Latin
pbc-x-bible.txt,pbc,Patamona,Latn,Latin
pbi-x-bible.txt,pbi,Parkwa,Latn,Latin
pbl-x-bible.txt,pbl,Mak (Nigeria),Latn,Latin
pcm-x-bible.txt,pcm,Nigerian Pidgin,Latn,Latin
pdc-x-bible.txt,pdc,Pennsylvania German,Latn,Latin
pdt-x-bible.txt,pdt,Plautdietsch,Latn,Latin
pes-x-bible-1995.txt,pes,Iranian Persian,Arab,Arabic
pes-x-bible-2007.txt,pes,Iranian Persian,Arab,Arabic
pes-x-bible-newmillennium2011.txt,pes,Iranian Persian,Arab,Arabic
pes-x-bible-newworld.txt,pes,Iranian Persian,Arab,Arabic
pib-x-bible.txt,pib,Yine,Latn,Latin
pio-x-bible.txt,pio,Piapoco,Latn,Latin
pir-x-bible.txt,pir,Piratapuyo,Latn,Latin
pis-x-bible-newworld.txt,pis,Pijin,Latn,Latin
pis-x-bible.txt,pis,Pijin,Latn,Latin
pkb-x-bible.txt,pkb,Kipfokomo,Latn,Latin
plg-x-bible.txt,plg,Pilagá,Latn,Latin
pls-x-bible.txt,pls,San Marcos Tlacoyalco Popoloca,Latn,Latin
plt-x-bible-1865.txt,plt,Plateau Malagasy,Latn,Latin
plt-x-bible-interconfessional.txt,plt,Plateau Malagasy,Latn,Latin
plt-x-bible-newworld.txt,plt,Plateau Malagasy,Latn,Latin
plt-x-bible-romancatholic.txt,plt,Plateau Malagasy,Latn,Latin
plu-x-bible.txt,plu,Palikúr,Latn,Latin
plw-x-bible.txt,plw,Brooke's Point Palawano,Latn,Latin
pma-x-bible.txt,pma,Paama,Latn,Latin
pmf-x-bible.txt,pmf,Pamona,Latn,Latin
pne-x-bible.txt,pne,Western Penan,Latn,Latin
poe-x-bible.txt,poe,San Juan Atzingo Popoloca,Latn,Latin
poh-x-bible-eastern.txt,poh,Poqomchi',Latn,Latin
poh-x-bible-western.txt,poh,Poqomchi',Latn,Latin
poi-x-bible.txt,poi,Highland Popoluca,Latn,Latin
pol-x-bible-covenant.txt,pol,Polish,Latn,Latin
pol-x-bible-gdansk.txt,pol,Polish,Latn,Latin
pol-x-bible-gdansknew.txt,pol,Polish,Latn,Latin
pol-x-bible-living.txt,pol,Polish,Latn,Latin
pol-x-bible-newworld.txt,pol,Polish,Latn,Latin
pol-x-bible-nowagdansk.txt,pol,Polish,Latn,Latin
pon-x-bible-new.txt,pon,Pohnpeian,Latn,Latin
pon-x-bible-old.txt,pon,Pohnpeian,Latn,Latin
pon-x-bible.txt,pon,Pohnpeian,Latn,Latin
por-x-bible-almeidaatualizada.txt,por,Portuguese,Latn,Latin
por-x-bible-almeidarevista.txt,por,Portuguese,Latn,Latin
por-x-bible-kingjames.txt,por,Portuguese,Latn,Latin
por-x-bible-linguagemdehoje.txt,por,Portuguese,Latn,Latin
por-x-bible-livro.txt,por,Portuguese,Latn,Latin
por-x-bible-newworld1996.txt,por,Portuguese,Latn,Latin
por-x-bible-newworld2015.txt,por,Portuguese,Latn,Latin
por-x-bible-paratodos.txt,por,Portuguese,Latn,Latin
por-x-bible-versaofacil.txt,por,Portuguese,Latn,Latin
por-x-bible-versaointernacional.txt,por,Portuguese,Latn,Latin
pot-x-bible.txt,pot,Potawatomi,Latn,Latin
poy-x-bible.txt,poy,Pogolo,Latn,Latin
ppk-x-bible.txt,ppk,Uma,Latn,Latin
ppo-x-bible.txt,ppo,Folopa,Latn,Latin
prf-x-bible.txt,prf,Paranan,Latn,Latin
pri-x-bible.txt,pri,Paicî,Latn,Latin
prk-x-bible.txt,prk,Parauk,Latn,Latin
prs-x-bible-goodnews.txt,prs,Afghan Persian,Arab,Arabic
prs-x-bible-todays.txt,prs,Afghan Persian,Arab,Arabic
pse-x-bible.txt,pse,Central Malay,Latn,Latin
ptp-x-bible.txt,ptp,Patep,Latn,Latin
ptu-x-bible.txt,ptu,Bambam,Latn,Latin
pua-x-bible.txt,pua,Western Highland Purepecha,Latn,Latin
pwg-x-bible.txt,pwg,Gapapaiwa,Latn,Latin
pww-x-bible.txt,pww,Pwo Northern Karen,Thai,Thai
qub-x-bible.txt,qub,Huallaga Huánuco Quechua,Latn,Latin
quc-x-bible-1995.txt,quc,K'iche',Latn,Latin
quc-x-bible-cantel.txt,quc,K'iche',Latn,Latin
quc-x-bible-joyabaj.txt,quc,K'iche',Latn,Latin
quc-x-bible-westcentral.txt,quc,K'iche',Latn,Latin
quf-x-bible.txt,quf,Lambayeque Quechua,Latn,Latin
qug-x-bible-chimborazo.txt,qug,Chimborazo Highland Quichua,Latn,Latin
qug-x-bible-chimborazo2010.txt,qug,Chimborazo Highland Quichua,Latn,Latin
quh-x-bible-1976.txt,quh,South Bolivian Quechua,Latn,Latin
quh-x-bible-1993.txt,quh,South Bolivian Quechua,Latn,Latin
quh-x-bible-chumacharazani.txt,quh,South Bolivian Quechua,Latn,Latin
qul-x-bible-1985.txt,qul,North Bolivian Quechua,Latn,Latin
qul-x-bible-2006.txt,qul,North Bolivian Quechua,Latn,Latin
qup-x-bible.txt,qup,Southern Pastaza Quechua,Latn,Latin
quw-x-bible.txt,quw,Tena Lowland Quichua,Latn,Latin
quy-x-bible.txt,quy,Ayacucho Quechua,Latn,Latin
quz-x-bible.txt,quz,Cusco Quechua,Latn,Latin
qvc-x-bible.txt,qvc,Cajamarca Quechua,Latn,Latin
qve-x-bible.txt,qve,Eastern Apurímac Quechua,Latn,Latin
qvh-x-bible.txt,qvh,Huamalíes-Dos de Mayo Huánuco Quechua,Latn,Latin
qvi-x-bible.txt,qvi,Imbabura Highland Quichua,Latn,Latin
qvm-x-bible.txt,qvm,Margos-Yarowilca-Lauricocha Quechua,Latn,Latin
qvn-x-bible.txt,qvn,North Junín Quechua,Latn,Latin
qvo-x-bible.txt,qvo,Napo Lowland Quechua,Latn,Latin
qvs-x-bible.txt,qvs,San Martín Quechua,Latn,Latin
qvw-x-bible.txt,qvw,Huaylla Wanca Quechua,Latn,Latin
qvz-x-bible.txt,qvz,Northern Pastaza Quichua,Latn,Latin
qwh-x-bible.txt,qwh,Huaylas Ancash Quechua,Latn,Latin
qxh-x-bible.txt,qxh,Panao Huánuco Quechua,Latn,Latin
qxn-x-bible.txt,qxn,Northern Conchucos Ancash Quechua,Latn,Latin
qxo-x-bible.txt,qxo,Southern Conchucos Ancash Quechua,Latn,Latin
qxr-x-bible.txt,qxr,Cañar Highland Quichua,Latn,Latin
rai-x-bible.txt,rai,Ramoaaina,Latn,Latin
rim-x-bible.txt,rim,Nyaturu,Latn,Latin
rkb-x-bible.txt,rkb,Rikbaktsa,Latn,Latin
rmo-x-bible.txt,rmo,Sinte Romani,Latn,Latin
rmy-x-bible-chilean.txt,rmy,Vlax Romani,Latn,Latin
rmy-x-bible.txt,rmy,Vlax Romani,Latn,Latin
ron-x-bible-2006.txt,ron,Moldavian,Latn,Latin
ron-x-bible-cornilescu.txt,ron,Moldavian,Latn,Latin
ron-x-bible-newworld.txt,ron,Moldavian,Latn,Latin
roo-x-bible.txt,roo,Rotokas,Latn,Latin
rop-x-bible.txt,rop,Kriol,Latn,Latin
rro-x-bible.txt,rro,Waima,Latn,Latin
ruf-x-bible.txt,ruf,Luguru,Latn,Latin
run-x-bible-newworld.txt,run,Rundi,Latn,Latin
run-x-bible.txt,run,Rundi,Latn,Latin
rus-x-bible-centralasian.txt,rus,Russian,Cyrl,Cyrillic
rus-x-bible-churchslavonic.txt,rus,Russian,Cyrl,Cyrillic
rus-x-bible-kulakov.txt,rus,Russian,Cyrl,Cyrillic
rus-x-bible-modern2011.txt,rus,Russian,Cyrl,Cyrillic
rus-x-bible-newworld.txt,rus,Russian,Cyrl,Cyrillic
rus-x-bible-slovozhizny2006.txt,rus,Russian,Cyrl,Cyrillic
rus-x-bible-synodal.txt,rus,Russian,Cyrl,Cyrillic
rwo-x-bible-karo.txt,rwo,Rawa,Latn,Latin
rwo-x-bible-rawa.txt,rwo,Rawa,Latn,Latin
sab-x-bible.txt,sab,Buglere,Latn,Latin
sag-x-bible-newworld.txt,sag,Sango,Latn,Latin
sag-x-bible.txt,sag,Sango,Latn,Latin
sah-x-bible.txt,sah,Yakut,Cyrl,Cyrillic
sas-x-bible.txt,sas,Sasak,Latn,Latin
sba-x-bible.txt,sba,Ngambay,Latn,Latin
sbd-x-bible.txt,sbd,Southern Samo,Latn,Latin
sbe-x-bible.txt,sbe,Saliba,Latn,Latin
sbl-x-bible.txt,sbl,Botolan Sambal,Latn,Latin
sda-x-bible.txt,sda,Toraja-Sa'dan,Latn,Latin
seh-x-bible.txt,seh,Sena,Latn,Latin
sey-x-bible.txt,sey,Secoya,Latn,Latin
sgb-x-bible.txt,sgb,Mag-antsi Ayta,Latn,Latin
sgw-x-bible.txt,sgw,Sebat Bet Gurage,Ethi,Ethiopic (Geʻez)
sgz-x-bible.txt,sgz,Sursurunga,Latn,Latin
shi-x-bible.txt,shi,Tachelhit,Latn,Latin
shk-x-bible.txt,shk,Shilluk,Latn,Latin
shp-x-bible.txt,shp,Shipibo-Conibo,Latn,Latin
shu-x-bible.txt,shu,Chadian Arabic,Latn,Latin
sig-x-bible.txt,sig,Paasaal,Latn,Latin
sil-x-bible.txt,sil,Tumulung Sisaala,Latn,Latin
sim-x-bible.txt,sim,Mende (Papua New Guinea),Latn,Latin
sin-x-bible-newworld.txt,sin,Sinhala,Sinh,Sinhala
sja-x-bible.txt,sja,Epena,Latn,Latin
sld-x-bible.txt,sld,Sissala,Latn,Latin
slk-x-bible-catholic.txt,slk,Slovak,Latn,Latin
slk-x-bible-newworld.txt,slk,Slovak,Latn,Latin
slk-x-bible-standard.txt,slk,Slovak,Latn,Latin
sll-x-bible.txt,sll,Salt-Yui,Latn,Latin
slv-x-bible-newworld.txt,slv,Slovenian,Latn,Latin
slv-x-bible.txt,slv,Slovenian,Latn,Latin
sme-x-bible.txt,sme,Northern Sami,Latn,Latin
smk-x-bible.txt,smk,Bolinao,Latn,Latin
sml-x-bible.txt,sml,Central Sama,Latn,Latin
smo-x-bible-newworld.txt,smo,Samoan,Latn,Latin
smo-x-bible.txt,smo,Samoan,Latn,Latin
sna-x-bible-newworld.txt,sna,Shona,Latn,Latin
sna-x-bible.txt,sna,Shona,Latn,Latin
snc-x-bible.txt,snc,Sinaugoro,Latn,Latin
snd-x-bible.txt,snd,Sindhi,Arab,Arabic
snn-x-bible-1982.txt,snn,Siona,Latn,Latin
snn-x-bible-2009.txt,snn,Siona,Latn,Latin
snp-x-bible-komongu.txt,snp,Siane,Latn,Latin
snp-x-bible-lambau.txt,snp,Siane,Latn,Latin
snw-x-bible.txt,snw,Selee,Latn,Latin
sny-x-bible.txt,sny,Saniyo-Hiyewe,Latn,Latin
som-x-bible.txt,som,Somali,Latn,Latin
soq-x-bible.txt,soq,Kanasi,Latn,Latin
sot-x-bible-newworld.txt,sot,Southern Sotho,Latn,Latin
sot-x-bible-southern1961.txt,sot,Southern Sotho,Latn,Latin
sot-x-bible-southern1989.txt,sot,Southern Sotho,Latn,Latin
soy-x-bible.txt,soy,Miyobe,Latn,Latin
spa-x-bible-americas.txt,spa,Castilian,Latn,Latin
spa-x-bible-hablahoi-latina.txt,spa,Castilian,Latn,Latin
spa-x-bible-lapalabra.txt,spa,Castilian,Latn,Latin
spa-x-bible-newworld.txt,spa,Castilian,Latn,Latin
spa-x-bible-nuevadehoi.txt,spa,Castilian,Latn,Latin
spa-x-bible-nuevaviviente.txt,spa,Castilian,Latn,Latin
spa-x-bible-nuevointernacional.txt,spa,Castilian,Latn,Latin
spa-x-bible-reinavaleracontemporanea.txt,spa,Castilian,Latn,Latin
spl-x-bible.txt,spl,Selepet,Latn,Latin
spp-x-bible.txt,spp,Supyire Senoufo,Latn,Latin
sps-x-bible.txt,sps,Saposa,Latn,Latin
spy-x-bible-1997.txt,spy,Sabaot,Latn,Latin
spy-x-bible-2011.txt,spy,Sabaot,Latn,Latin
sqi-x-bible-interconfessional.txt,sqi,Albanian,Latn,Latin
sqi-x-bible.txt,sqi,Albanian,Latn,Latin
sri-x-bible.txt,sri,Siriano,Latn,Latin
srm-x-bible.txt,srm,Saramaccan,Latn,Latin
srn-x-bible-newworld.txt,srn,Sranan Tongo,Latn,Latin
srn-x-bible.txt,srn,Sranan Tongo,Latn,Latin
srp-x-bible-newworld.txt,srp,Serbian,Latn,Latin
srp-x-bible.txt,srp,Serbian,Cyrl,Cyrillic
srq-x-bible.txt,srq,Sirionó,Latn,Latin
ssd-x-bible.txt,ssd,Siroi,Latn,Latin
ssg-x-bible.txt,ssg,Seimat,Latn,Latin
ssw-x-bible-newworld.txt,ssw,Swati,Latn,Latin
ssw-x-bible.txt,ssw,Swati,Latn,Latin
ssx-x-bible.txt,ssx,Samberigi,Latn,Latin
stn-x-bible.txt,stn,Owa,Latn,Latin
stp-x-bible.txt,stp,Southeastern Tepehuan,Latn,Latin
sua-x-bible.txt,sua,Sulka,Latn,Latin
sue-x-bible.txt,sue,Suena,Latn,Latin
suk-x-bible.txt,suk,Sukuma,Latn,Latin
sun-x-bible-formal.txt,sun,Sundanese,Latn,Latin
sun-x-bible-informal.txt,sun,Sundanese,Latn,Latin
sur-x-bible.txt,sur,Mwaghavul,Latn,Latin
sus-x-bible.txt,sus,Susu,Latn,Latin
swe-x-bible-newworld.txt,swe,Swedish,Latn,Latin
swe-x-bible-nyalevande.txt,swe,Swedish,Latn,Latin
swg-x-bible.txt,swg,Swabian,Latn,Latin
swh-x-bible-habarinjema.txt,swh,Kiswahili,Latn,Latin
swh-x-bible-newworld.txt,swh,Kiswahili,Latn,Latin
swh-x-bible-union1952.txt,swh,Kiswahili,Latn,Latin
swh-x-bible-union1997.txt,swh,Kiswahili,Latn,Latin
swk-x-bible.txt,swk,Malawi Sena,Latn,Latin
swp-x-bible.txt,swp,Suau,Latn,Latin
sxb-x-bible.txt,sxb,Suba,Latn,Latin
sxn-x-bible-sangir.txt,sxn,Sangir,Latn,Latin
sxn-x-bible-siau.txt,sxn,Sangir,Latn,Latin
syc-x-bible.txt,syc,Classical Syriac,Syrc,Syriac
szb-x-bible.txt,szb,Ngalum,Latn,Latin
tab-x-bible.txt,tab,Tabassaran,Cyrl,Cyrillic
tac-x-bible.txt,tac,Lowland Tarahumara,Latn,Latin
taj-x-bible.txt,taj,Eastern Tamang,Deva,Devanagari (Nagari)
tam-x-bible-newworld.txt,tam,Tamil,Taml,Tamil
tam-x-bible-newworld_romanized.txt,tam,Tamil,Latn,Latin
taq-x-bible.txt,taq,Tamasheq,Latn,Latin
tar-x-bible.txt,tar,Central Tarahumara,Latn,Latin
tat-x-bible.txt,tat,Tatar,Cyrl,Cyrillic
tav-x-bible.txt,tav,Tatuyo,Latn,Latin
taw-x-bible.txt,taw,Tai,Latn,Latin
tbc-x-bible.txt,tbc,Takia,Latn,Latin
tbg-x-bible.txt,tbg,North Tairora,Latn,Latin
tbl-x-bible.txt,tbl,Tboli,Latn,Latin
tbo-x-bible.txt,tbo,Tawala,Latn,Latin
tby-x-bible.txt,tby,Tabaru,Latn,Latin
tbz-x-bible.txt,tbz,Ditammari,Latn,Latin
tca-x-bible.txt,tca,Ticuna,Latn,Latin
tcc-x-bible.txt,tcc,Datooga,Latn,Latin
tcs-x-bible.txt,tcs,Torres Strait Creole,Latn,Latin
tcz-x-bible.txt,tcz,Thado Chin,Latn,Latin
tdt-x-bible-newworld.txt,tdt,Tetun Dili,Latn,Latin
tdt-x-bible.txt,tdt,Tetun Dili,Latn,Latin
tee-x-bible.txt,tee,Huehuetla Tepehua,Latn,Latin
tel-x-bible.txt,tel,Telugu,Telu,Telugu
tem-x-bible.txt,tem,Timne,Latn,Latin
teo-x-bible.txt,teo,Teso,Latn,Latin
ter-x-bible.txt,ter,Tereno,Latn,Latin
tfr-x-bible.txt,tfr,Teribe,Latn,Latin
tgk-x-bible.txt,tgk,Tajik,Cyrl,Cyrillic
tgl-x-bible-1905.txt,tgl,Tagalog,Latn,Latin
tgl-x-bible-1996.txt,tgl,Tagalog,Latn,Latin
tgl-x-bible-newworld.txt,tgl,Tagalog,Latn,Latin
tgp-x-bible.txt,tgp,Tangoa,Latn,Latin
tha-x-bible-easy.txt,tha,Thai,Thai,Thai
tha-x-bible-kjv.txt,tha,Thai,Thai,Thai
tha-x-bible-newcontemporary.txt,tha,Thai,Thai,Thai
tha-x-bible-newworld.txt,tha,Thai,Thai,Thai
tha-x-bible-standard1971.txt,tha,Thai,Thai,Thai
tha-x-bible-standard2011.txt,tha,Thai,Thai,Thai
thk-x-bible.txt,thk,Kitharaka,Latn,Latin
tih-x-bible.txt,tih,Timugon Murut,Latn,Latin
tik-x-bible.txt,tik,Tikar,Latn,Latin
tim-x-bible.txt,tim,Timbe,Latn,Latin
tir-x-bible-newworld.txt,tir,Tigrinya,Ethi,Ethiopic (Geʻez)
tir-x-bible.txt,tir,Tigrinya,Ethi,Ethiopic (Geʻez)
tku-x-bible.txt,tku,Upper Necaxa Totonac,Latn,Latin
tlb-x-bible.txt,tlb,Tobelo,Latn,Latin
tlf-x-bible.txt,tlf,Telefol,Latn,Latin
tlh-x-bible.txt,tlh,Klingon,Latn,Latin
tna-x-bible.txt,tna,Tacana,Latn,Latin
tnn-x-bible.txt,tnn,North Tanna,Latn,Latin
tob-x-bible.txt,tob,Toba,Latn,Latin
toc-x-bible.txt,toc,Coyutla Totonac,Latn,Latin
toh-x-bible.txt,toh,Gitonga,Latn,Latin
toj-x-bible.txt,toj,Tojolabal,Latn,Latin
too-x-bible.txt,too,Xicotepec De Juárez Totonac,Latn,Latin
top-x-bible.txt,top,Papantla Totonac,Latn,Latin
tos-x-bible.txt,tos,Highland Totonac,Latn,Latin
tpa-x-bible.txt,tpa,Taupota,Latn,Latin
tpi-x-bible-newworld.txt,tpi,Tok Pisin,Latn,Latin
tpi-x-bible.txt,tpi,Tok Pisin,Latn,Latin
tpm-x-bible.txt,tpm,Tampulma,Latn,Latin
tpp-x-bible.txt,tpp,Pisaflores Tepehua,Latn,Latin
tpt-x-bible.txt,tpt,Tlachichilco Tepehua,Latn,Latin
tpz-x-bible.txt,tpz,Tinputz,Latn,Latin
tqb-x-bible.txt,tqb,Tembé,Latn,Latin
trc-x-bible.txt,trc,Copala Triqui,Latn,Latin
trn-x-bible.txt,trn,Trinitario,Latn,Latin
trq-x-bible.txt,trq,San Martín Itunyoso Triqui,Latn,Latin
tsn-x-bible-1908.txt,tsn,Tswana,Latn,Latin
tsn-x-bible-1970.txt,tsn,Tswana,Latn,Latin
tso-x-bible-1929.txt,tso,Tsonga,Latn,Latin
tso-x-bible-1989.txt,tso,Tsonga,Latn,Latin
tso-x-bible-newworld.txt,tso,Tsonga,Latn,Latin
tsz-x-bible.txt,tsz,Purepecha,Latn,Latin
ttc-x-bible.txt,ttc,Tektiteko,Latn,Latin
tte-x-bible.txt,tte,Bwanabwana,Latn,Latin
ttq-x-bible.txt,ttq,Tawallammat Tamajaq,Latn,Latin
tuc-x-bible-2011VAR1.txt,tuc,Mutu,Latn,Latin
tuc-x-bible-2011VAR2.txt,tuc,Mutu,Latn,Latin
tuc-x-bible-patabuang.txt,tuc,Mutu,Latn,Latin
tuc-x-bible-patabuyaang.txt,tuc,Mutu,Latn,Latin
tue-x-bible.txt,tue,Tuyuca,Latn,Latin
tuf-x-bible.txt,tuf,Central Tunebo,Latn,Latin
tui-x-bible.txt,tui,Tupuri,Latn,Latin
tuk-x-bible-cyrillic.txt,tuk,Turkmen,Cyrl,Cyrillic
tuk-x-bible-injil.txt,tuk,Turkmen,Latn,Latin
tuk-x-bible-mukaddes.txt,tuk,Turkmen,Latn,Latin
tum-x-bible.txt,tum,Tumbuka,Latn,Latin
tuo-x-bible-2004.txt,tuo,Tucano,Latn,Latin
tuo-x-bible-2009.txt,tuo,Tucano,Latn,Latin
tur-x-bible-2004.txt,tur,Turkish,Latn,Latin
tur-x-bible-2009.txt,tur,Turkish,Latn,Latin
tur-x-bible-goodnews.txt,tur,Turkish,Latn,Latin
tur-x-bible-newworld.txt,tur,Turkish,Latn,Latin
tur-x-bible-southernazeri.txt,tur,Turkish,Latn,Latin
twi-x-bible-newworld.txt,twi,Twi,Latn,Latin
twi-x-bible.txt,twi,Twi,Latn,Latin
twu-x-bible.txt,twu,Termanu,Latn,Latin
txu-x-bible.txt,txu,Kayapó,Latn,Latin
tyv-x-bible.txt,tyv,Tuvinian,Cyrl,Cyrillic
tzh-x-bible-bachajon.txt,tzh,Tzeltal,Latn,Latin
tzh-x-bible-oxchuc.txt,tzh,Tzeltal,Latn,Latin
tzj-x-bible-eastern.txt,tzj,Tz'utujil,Latn,Latin
tzj-x-bible-western.txt,tzj,Tz'utujil,Latn,Latin
tzo-x-bible-1997.txt,tzo,Tzotzil,Latn,Latin
tzo-x-bible-chamula.txt,tzo,Tzotzil,Latn,Latin
tzo-x-bible-chamula2000.txt,tzo,Tzotzil,Latn,Latin
tzo-x-bible-chenalho.txt,tzo,Tzotzil,Latn,Latin
tzo-x-bible-huixtan.txt,tzo,Tzotzil,Latn,Latin
tzo-x-bible-newworld.txt,tzo,Tzotzil,Latn,Latin
tzo-x-bible-zinacantan.txt,tzo,Tzotzil,Latn,Latin
ubr-x-bible.txt,ubr,Ubir,Latn,Latin
ubu-x-bible-kala.txt,ubu,Umbu-Ungu,Latn,Latin
ubu-x-bible-nopenge.txt,ubu,Umbu-Ungu,Latn,Latin
udu-x-bible.txt,udu,Uduk,Latn,Latin
uig-x-bible-arabic.txt,uig,Uighur,Arab,Arabic
uig-x-bible-cyrillic.txt,uig,Uighur,Cyrl,Cyrillic
uig-x-bible-romanized.txt,uig,Uighur,Latn,Latin
uig-x-bible.txt,uig,Uighur,Arab,Arabic
ukr-x-bible-1871.txt,ukr,Ukrainian,Cyrl,Cyrillic
ukr-x-bible-1962.txt,ukr,Ukrainian,Cyrl,Cyrillic
ukr-x-bible-2007.txt,ukr,Ukrainian,Cyrl,Cyrillic
ukr-x-bible-2009.txt,ukr,Ukrainian,Cyrl,Cyrillic
upv-x-bible.txt,upv,Uripiv-Wala-Rano-Atchin,Latn,Latin
ura-x-bible.txt,ura,Urarina,Latn,Latin
urb-x-bible.txt,urb,Kaapor,Latn,Latin
urd-x-bible-2007.txt,urd,Urdu,Arab,Arabic
urd-x-bible-devanagari.txt,urd,Urdu,Deva,Devanagari (Nagari)
urd-x-bible-international.txt,urd,Urdu,Arab,Arabic
urd-x-bible-revised2010.txt,urd,Urdu,Arab,Arabic
urk-x-bible.txt,urk,Urak Lawoi',Thai,Thai
usa-x-bible.txt,usa,Usarufa,Latn,Latin
usp-x-bible.txt,usp,Uspanteco,Latn,Latin
uvl-x-bible.txt,uvl,Lote,Latn,Latin
uzb-x-bible-latin2008.txt,uzb,Uzbek,Latn,Latin
uzb-x-bible-latin2013.txt,uzb,Uzbek,Latn,Latin
uzb-x-bible-newworld.txt,uzb,Uzbek,Cyrl,Cyrillic
vag-x-bible.txt,vag,Vagla,Latn,Latin
ven-x-bible-newworld.txt,ven,Venda,Latn,Latin
ven-x-bible.txt,ven,Venda,Latn,Latin
vie-x-bible-1926compounds.txt,vie,Vietnamese,Latn,Latin
vie-x-bible-1926nocompounds.txt,vie,Vietnamese,Latn,Latin
vie-x-bible-2002.txt,vie,Vietnamese,Latn,Latin
vie-x-bible-bandich.txt,vie,Vietnamese,Latn,Latin
vie-x-bible-banphothong.txt,vie,Vietnamese,Latn,Latin
vie-x-bible-bd2011.txt,vie,Vietnamese,Latn,Latin
vie-x-bible-newworld.txt,vie,Vietnamese,Latn,Latin
vie-x-bible-revised.txt,vie,Vietnamese,Latn,Latin
vie-x-bible-revised2010.txt,vie,Vietnamese,Latn,Latin
viv-x-bible.txt,viv,Iduna,Latn,Latin
vmy-x-bible.txt,vmy,Ayautla Mazatec,Latn,Latin
vun-x-bible.txt,vun,Vunjo,Latn,Latin
vut-x-bible.txt,vut,Vute,Latn,Latin
waj-x-bible.txt,waj,Waffa,Latn,Latin
wal-x-bible.txt,wal,Wolaitta,Latn,Latin
wap-x-bible.txt,wap,Wapishana,Latn,Latin
war-x-bible-newworld.txt,war,Waray (Philippines),Latn,Latin
war-x-bible.txt,war,Waray (Philippines),Latn,Latin
way-x-bible.txt,way,Wayana,Latn,Latin
wbm-x-bible.txt,wbm,Wa,Latn,Latin
wbp-x-bible.txt,wbp,Warlpiri,Latn,Latin
wca-x-bible.txt,wca,Yanomámi,Latn,Latin
wed-x-bible-topura.txt,wed,Wedau,Latn,Latin
wed-x-bible-wedau.txt,wed,Wedau,Latn,Latin
wer-x-bible.txt,wer,Weri,Latn,Latin
whk-x-bible.txt,whk,Wahau Kenyah,Latn,Latin
wiu-x-bible.txt,wiu,Wiru,Latn,Latin
wmw-x-bible.txt,wmw,Mwani,Latn,Latin
wnc-x-bible.txt,wnc,Wantoat,Latn,Latin
wnu-x-bible.txt,wnu,Usan,Latn,Latin
wob-x-bible.txt,wob,Wè Northern,Latn,Latin
wol-x-bible.txt,wol,Wolof,Latn,Latin
wos-x-bible.txt,wos,Hanga Hundi,Latn,Latin
wrs-x-bible.txt,wrs,Waris,Latn,Latin
wsk-x-bible.txt,wsk,Waskia,Latn,Latin
wuv-x-bible.txt,wuv,Wuvulu-Aua,Latn,Latin
wwa-x-bible.txt,wwa,Waama,Latn,Latin
xal-x-bible.txt,xal,Kalmyk,Cyrl,Cyrillic
xav-x-bible.txt,xav,Xavánte,Latn,Latin
xbi-x-bible-wampukuamp.txt,xbi,Kombio,Latn,Latin
xbi-x-bible-yanimoi.txt,xbi,Kombio,Latn,Latin
xbr-x-bible.txt,xbr,Kambera,Latn,Latin
xed-x-bible.txt,xed,Hdi,Latn,Latin
xho-x-bible-1996.txt,xho,Xhosa,Latn,Latin
xho-x-bible-2012.txt,xho,Xhosa,Latn,Latin
xho-x-bible-newworld.txt,xho,Xhosa,Latn,Latin
xla-x-bible.txt,xla,Kamula,Latn,Latin
xon-x-bible-likoonli.txt,xon,Konkomba,Latn,Latin
xon-x-bible-likpakpaaln.txt,xon,Konkomba,Latn,Latin
xrb-x-bible.txt,xrb,Eastern Karaboro,Latn,Latin
xsi-x-bible.txt,xsi,Sio,Latn,Latin
xsm-x-bible.txt,xsm,Kasem,Latn,Latin
xsu-x-bible.txt,xsu,Sanumá,Latn,Latin
xtd-x-bible.txt,xtd,Diuxi-Tilantongo Mixtec,Latn,Latin
xtm-x-bible.txt,xtm,Magdalena Peñasco Mixtec,Latn,Latin
xuo-x-bible.txt,xuo,Kuo,Latn,Latin
yaa-x-bible.txt,yaa,Yaminahua,Latn,Latin
yad-x-bible.txt,yad,Yagua,Latn,Latin
yal-x-bible.txt,yal,Yalunka,Latn,Latin
yam-x-bible.txt,yam,Yamba,Latn,Latin
yan-x-bible-new.txt,yan,Mayangna,Latn,Latin
yan-x-bible.txt,yan,Mayangna,Latn,Latin
yaq-x-bible.txt,yaq,Yaqui,Latn,Latin
yby-x-bible.txt,yby,Yaweyuha,Latn,Latin
ycn-x-bible.txt,ycn,Yucuna,Latn,Latin
yle-x-bible.txt,yle,Yele,Latn,Latin
yli-x-bible.txt,yli,Angguruk Yali,Latn,Latin
yml-x-bible.txt,yml,Iamalele,Latn,Latin
yon-x-bible.txt,yon,Yongkom,Latn,Latin
yor-x-bible-2010.txt,yor,Yoruba,Latn,Latin
yor-x-bible-newworld.txt,yor,Yoruba,Latn,Latin
yrb-x-bible.txt,yrb,Yareba,Latn,Latin
yre-x-bible.txt,yre,Yaouré,Latn,Latin
yrk-x-bible.txt,yrk,Nenets,Cyrl,Cyrillic
yss-x-bible-mayo.txt,yss,Yessan-Mayo,Latn,Latin
yss-x-bible-yawu.txt,yss,Yessan-Mayo,Latn,Latin
yua-x-bible-newworld.txt,yua,Yucatec Maya,Latn,Latin
yua-x-bible.txt,yua,Yucatec Maya,Latn,Latin
yuj-x-bible.txt,yuj,Karkar-Yuri,Latn,Latin
yut-x-bible.txt,yut,Yopno,Latn,Latin
yuw-x-bible.txt,yuw,Yau (Morobe Province),Latn,Latin
yuz-x-bible.txt,yuz,Yuracare,Latn,Latin
yva-x-bible.txt,yva,Yawa,Latn,Latin
zaa-x-bible.txt,zaa,Sierra de Juárez Zapotec,Latn,Latin
zab-x-bible.txt,zab,San Juan Guelavía Zapotec,Latn,Latin
zac-x-bible.txt,zac,Ocotlán Zapotec,Latn,Latin
zad-x-bible.txt,zad,Cajonos Zapotec,Latn,Latin
zae-x-bible.txt,zae,Yareni Zapotec,Latn,Latin
zai-x-bible.txt,zai,Isthmus Zapotec,Latn,Latin
zam-x-bible.txt,zam,Miahuatlán Zapotec,Latn,Latin
zao-x-bible.txt,zao,Ozolotepec Zapotec,Latn,Latin
zar-x-bible.txt,zar,Rincón Zapotec,Latn,Latin
zas-x-bible.txt,zas,Santo Domingo Albarradas Zapotec,Latn,Latin
zat-x-bible.txt,zat,Tabaa Zapotec,Latn,Latin
zav-x-bible.txt,zav,Yatzachi Zapotec,Latn,Latin
zaw-x-bible.txt,zaw,Mitla Zapotec,Latn,Latin
zca-x-bible.txt,zca,Coatecas Altas Zapotec,Latn,Latin
zho-x-bible-contemp.txt,zho,Chinese,Hani,"Han (Hanzi, Kanji, Hanja)"
zho-x-bible-cuv-simplified3.txt,zho,Chinese,Hani,"Han (Hanzi, Kanji, Hanja)"
zho-x-bible-new.txt,zho,Chinese,Hani,"Han (Hanzi, Kanji, Hanja)"
zho-x-bible-newworld.txt,zho,Chinese,Hani,"Han (Hanzi, Kanji, Hanja)"
zho-x-bible-orthodox.txt,zho,Chinese,Hani,"Han (Hanzi, Kanji, Hanja)"
zho-x-bible-revised.txt,zho,Chinese,Hani,"Han (Hanzi, Kanji, Hanja)"
zho-x-bible-shangti.txt,zho,Chinese,Hani,"Han (Hanzi, Kanji, Hanja)"
zho-x-bible-shen.txt,zho,Chinese,Hani,"Han (Hanzi, Kanji, Hanja)"
zho-x-bible-standard.txt,zho,Chinese,Hani,"Han (Hanzi, Kanji, Hanja)"
zia-x-bible.txt,zia,Zia,Latn,Latin
ziw-x-bible.txt,ziw,Zigula,Latn,Latin
zom-x-bible.txt,zom,Zou,Latn,Latin
zos-x-bible.txt,zos,Francisco León Zoque,Latn,Latin
zpc-x-bible.txt,zpc,Choapan Zapotec,Latn,Latin
zpi-x-bible.txt,zpi,Santa María Quiegolani Zapotec,Latn,Latin
zpl-x-bible.txt,zpl,Lachixío Zapotec,Latn,Latin
zpm-x-bible.txt,zpm,Mixtepec Zapotec,Latn,Latin
zpo-x-bible.txt,zpo,Amatlán Zapotec,Latn,Latin
zpq-x-bible.txt,zpq,Zoogocho Zapotec,Latn,Latin
zpt-x-bible.txt,zpt,San Vicente Coatlán Zapotec,Latn,Latin
zpu-x-bible.txt,zpu,Yalálag Zapotec,Latn,Latin
zpv-x-bible.txt,zpv,Chichicapan Zapotec,Latn,Latin
zpz-x-bible.txt,zpz,Texmelucan Zapotec,Latn,Latin
zsm-x-bible-goodnews.txt,zsm,Standard Malay,Latn,Latin
zsm-x-bible-todaysmalay.txt,zsm,Standard Malay,Latn,Latin
zsr-x-bible.txt,zsr,Southern Rincon Zapotec,Latn,Latin
ztq-x-bible.txt,ztq,Quioquitani-Quierí Zapotec,Latn,Latin
zty-x-bible.txt,zty,Yatee Zapotec,Latn,Latin
zul-x-bible-newworld.txt,zul,Zulu,Latn,Latin
zul-x-bible.txt,zul,Zulu,Latn,Latin
zyp-x-bible.txt,zyp,Zyphe Chin,Latn,Latin